Data Point 1,06-Feb-20 9:30:00,Off
Data Point 2,06-Feb-20 9:30:00,No Data
Data Point 3,06-Feb-20 9:30:00,150.2924805
Data Point 4,06-Feb-20 9:30:00,150.1744843
Data Point 1,06-Feb-20 9:31:00,Off
Data Point 2,06-Feb-20 9:31:00,No Data
Data Point 3,06-Feb-20 9:31:00,150.293335
Data Point 4,06-Feb-20 9:31:00,150.1760864
Data Point 1,06-Feb-20 9:32:00,Off
Data Point 2,06-Feb-20 9:32:00,No Data
Data Point 3,06-Feb-20 9:32:00,150.2941895
Data Point 4,06-Feb-20 9:32:00,150.1776886
Data Point 1,06-Feb-20 9:33:00,Off
Data Point 2,06-Feb-20 9:33:00,No Data
Data Point 3,06-Feb-20 9:33:00,150.2950592
Data Point 4,06-Feb-20 9:33:00,150.1792908
Data Point 1,06-Feb-20 9:34:00,Off
Data Point 2,06-Feb-20 9:34:00,No Data
Data Point 3,06-Feb-20 9:34:00,150.2959137
Data Point 4,06-Feb-20 9:34:00,150.1808929
Data Point 1,06-Feb-20 9:35:00,Off
Data Point 2,06-Feb-20 9:35:00,No Data
Data Point 3,06-Feb-20 9:35:00,150.2967834
Data Point 4,06-Feb-20 9:35:00,150.1824951
Data Point 1,06-Feb-20 9:36:00,Off
Data Point 2,06-Feb-20 9:36:00,No Data
Data Point 3,06-Feb-20 9:36:00,150.2976379
Data Point 4,06-Feb-20 9:36:00,150.1840973
Data Point 1,06-Feb-20 9:37:00,Off
Data Point 2,06-Feb-20 9:37:00,No Data
Data Point 3,06-Feb-20 9:37:00,150.2985077
Data Point 4,06-Feb-20 9:37:00,150.1856995
Data Point 1,06-Feb-20 9:38:00,Off
Data Point 2,06-Feb-20 9:38:00,No Data
Data Point 3,06-Feb-20 9:38:00,150.2993622
Data Point 4,06-Feb-20 9:38:00,150.1873169
Data Point 1,06-Feb-20 9:39:00,Off
Data Point 2,06-Feb-20 9:39:00,No Data
Data Point 3,06-Feb-20 9:39:00,153.9002167
Data Point 4,06-Feb-20 9:39:00,150.1889191
Data Point 1,06-Feb-20 9:40:00,Off
Data Point 2,06-Feb-20 9:40:00,No Data
Data Point 3,06-Feb-20 9:40:00,153.9010864
Data Point 4,06-Feb-20 9:40:00,150.1905212
Data Point 1,06-Feb-20 9:41:00,Off
Data Point 2,06-Feb-20 9:41:00,No Data
Data Point 3,06-Feb-20 9:41:00,153.9019409
Data Point 4,06-Feb-20 9:41:00,150.1921234
Data Point 1,06-Feb-20 9:42:00,Off
Data Point 2,06-Feb-20 9:42:00,No Data
Data Point 3,06-Feb-20 9:42:00,153.9028107
Data Point 4,06-Feb-20 9:42:00,150.1937256
Data Point 1,06-Feb-20 9:43:00,Off
Data Point 2,06-Feb-20 9:43:00,No Data
Data Point 3,06-Feb-20 9:43:00,153.9036652
Data Point 4,06-Feb-20 9:43:00,150.1953278
Data Point 1,06-Feb-20 9:44:00,Off
Data Point 2,06-Feb-20 9:44:00,No Data
Data Point 3,06-Feb-20 9:44:00,153.9045197
Data Point 4,06-Feb-20 9:44:00,150.1969299
Data Point 1,06-Feb-20 9:45:00,Off
Data Point 2,06-Feb-20 9:45:00,No Data
Data Point 3,06-Feb-20 9:45:00,153.9053894
Data Point 4,06-Feb-20 9:45:00,150.1985321
Data Point 1,06-Feb-20 9:46:00,Off
Data Point 2,06-Feb-20 9:46:00,No Data
Data Point 3,06-Feb-20 9:46:00,153.9062439
Data Point 4,06-Feb-20 9:46:00,150.1501343
Data Point 1,06-Feb-20 9:47:00,Off
Data Point 2,06-Feb-20 9:47:00,No Data
Data Point 3,06-Feb-20 9:47:00,153.9071136
Data Point 4,06-Feb-20 9:47:00,150.2017517
Data Point 1,06-Feb-20 9:48:00,Off
Data Point 2,06-Feb-20 9:48:00,No Data
Data Point 3,06-Feb-20 9:48:00,153.9079681
Data Point 4,06-Feb-20 9:48:00,150.2033539
Data Point 1,06-Feb-20 9:49:00,Off
Data Point 2,06-Feb-20 9:49:00,No Data
Data Point 3,06-Feb-20 9:49:00,153.9088379
Data Point 4,06-Feb-20 9:49:00,150.2049561
Data Point 1,06-Feb-20 9:50:00,Off
Data Point 2,06-Feb-20 9:50:00,No Data
Data Point 3,06-Feb-20 9:50:00,153.9096924
Data Point 4,06-Feb-20 9:50:00,150.2065582
Data Point 1,06-Feb-20 9:51:00,Off
Data Point 2,06-Feb-20 9:51:00,No Data
Data Point 3,06-Feb-20 9:51:00,153.9105469
Data Point 4,06-Feb-20 9:51:00,150.2081604
Data Point 1,06-Feb-20 9:52:00,Off
Data Point 2,06-Feb-20 9:52:00,No Data
Data Point 3,06-Feb-20 9:52:00,153.9114166
Data Point 4,06-Feb-20 9:52:00,150.2097626
Data Point 1,06-Feb-20 9:53:00,Off
Data Point 2,06-Feb-20 9:53:00,No Data
Data Point 3,06-Feb-20 9:53:00,153.9122711
Data Point 4,06-Feb-20 9:53:00,150.2113647
Data Point 1,06-Feb-20 9:54:00,Off
Data Point 2,06-Feb-20 9:54:00,No Data
Data Point 3,06-Feb-20 9:54:00,153.9131409
Data Point 4,06-Feb-20 9:54:00,150.2129669
Data Point 1,06-Feb-20 9:55:00,Off
Data Point 2,06-Feb-20 9:55:00,No Data
Data Point 3,06-Feb-20 9:55:00,153.9139954
Data Point 4,06-Feb-20 9:55:00,150.2145691
Data Point 1,06-Feb-20 9:56:00,Off
Data Point 2,06-Feb-20 9:56:00,No Data
Data Point 3,06-Feb-20 9:56:00,153.9148651
Data Point 4,06-Feb-20 9:56:00,150.2161865
Data Point 1,06-Feb-20 9:57:00,Off
Data Point 2,06-Feb-20 9:57:00,No Data
Data Point 3,06-Feb-20 9:57:00,153.9157196
Data Point 4,06-Feb-20 9:57:00,150.2177887
Data Point 1,06-Feb-20 9:58:00,Off
Data Point 2,06-Feb-20 9:58:00,No Data
Data Point 3,06-Feb-20 9:58:00,153.9165741
Data Point 4,06-Feb-20 9:58:00,150.2193909
Data Point 1,06-Feb-20 9:59:00,Off
Data Point 2,06-Feb-20 9:59:00,No Data
Data Point 3,06-Feb-20 9:59:00,153.9174438
Data Point 4,06-Feb-20 9:59:00,150.220993
Data Point 1,06-Feb-20 10:00:00,Off
Data Point 2,06-Feb-20 10:00:00,No Data
Data Point 3,06-Feb-20 10:00:00,153.9182983
Data Point 4,06-Feb-20 10:00:00,150.2225952
Data Point 1,06-Feb-20 10:01:00,Off
Data Point 2,06-Feb-20 10:01:00,No Data
Data Point 3,06-Feb-20 10:01:00,153.9191681
Data Point 4,06-Feb-20 10:01:00,150.2241974
Data Point 1,06-Feb-20 10:02:00,Off
Data Point 2,06-Feb-20 10:02:00,No Data
Data Point 3,06-Feb-20 10:02:00,153.9150226
Data Point 4,06-Feb-20 10:02:00,150.2257996
Data Point 1,06-Feb-20 10:03:00,Off
Data Point 2,06-Feb-20 10:03:00,No Data
Data Point 3,06-Feb-20 10:03:00,153.9208923
Data Point 4,06-Feb-20 10:03:00,150.2274017
Data Point 1,06-Feb-20 10:04:00,Off
Data Point 2,06-Feb-20 10:04:00,No Data
Data Point 3,06-Feb-20 10:04:00,153.9217468
Data Point 4,06-Feb-20 10:04:00,150.2290039
Data Point 1,06-Feb-20 10:05:00,Off
Data Point 2,06-Feb-20 10:05:00,No Data
Data Point 3,06-Feb-20 10:05:00,153.9226013
Data Point 4,06-Feb-20 10:05:00,150.2306213
Data Point 1,06-Feb-20 10:06:00,Off
Data Point 2,06-Feb-20 10:06:00,No Data
Data Point 3,06-Feb-20 10:06:00,153.9234711
Data Point 4,06-Feb-20 10:06:00,150.2322235
Data Point 1,06-Feb-20 10:07:00,Off
Data Point 2,06-Feb-20 10:07:00,No Data
Data Point 3,06-Feb-20 10:07:00,153.9243256
Data Point 4,06-Feb-20 10:07:00,150.2338257
Data Point 1,06-Feb-20 10:08:00,Off
Data Point 2,06-Feb-20 10:08:00,No Data
Data Point 3,06-Feb-20 10:08:00,153.9251953
Data Point 4,06-Feb-20 10:08:00,150.2354279
Data Point 1,06-Feb-20 10:09:00,Off
Data Point 2,06-Feb-20 10:09:00,No Data
Data Point 3,06-Feb-20 10:09:00,153.9260498
Data Point 4,06-Feb-20 10:09:00,150.23703
Data Point 1,06-Feb-20 10:10:00,Off
Data Point 2,06-Feb-20 10:10:00,No Data
Data Point 3,06-Feb-20 10:10:00,153.9269043
Data Point 4,06-Feb-20 10:10:00,150.2386322
Data Point 1,06-Feb-20 10:11:00,Off
Data Point 2,06-Feb-20 10:11:00,No Data
Data Point 3,06-Feb-20 10:11:00,153.927774
Data Point 4,06-Feb-20 10:11:00,150.2402344
Data Point 1,06-Feb-20 10:12:00,Off
Data Point 2,06-Feb-20 10:12:00,No Data
Data Point 3,06-Feb-20 10:12:00,153.9286285
Data Point 4,06-Feb-20 10:12:00,150.2418365
Data Point 1,06-Feb-20 10:13:00,Off
Data Point 2,06-Feb-20 10:13:00,No Data
Data Point 3,06-Feb-20 10:13:00,153.9294983
Data Point 4,06-Feb-20 10:13:00,150.2434387
Data Point 1,06-Feb-20 10:14:00,Off
Data Point 2,06-Feb-20 10:14:00,No Data
Data Point 3,06-Feb-20 10:14:00,153.9303528
Data Point 4,06-Feb-20 10:14:00,150.2450562
Data Point 1,06-Feb-20 10:15:00,Off
Data Point 2,06-Feb-20 10:15:00,No Data
Data Point 3,06-Feb-20 10:15:00,153.9312225
Data Point 4,06-Feb-20 10:15:00,150.2466583
Data Point 1,06-Feb-20 10:16:00,Off
Data Point 2,06-Feb-20 10:16:00,No Data
Data Point 3,06-Feb-20 10:16:00,153.932077
Data Point 4,06-Feb-20 10:16:00,150.2482605
Data Point 1,06-Feb-20 10:17:00,Off
Data Point 2,06-Feb-20 10:17:00,No Data
Data Point 3,06-Feb-20 10:17:00,153.9329315
Data Point 4,06-Feb-20 10:17:00,150.2498627
Data Point 1,06-Feb-20 10:18:00,Off
Data Point 2,06-Feb-20 10:18:00,No Data
Data Point 3,06-Feb-20 10:18:00,153.9338013
Data Point 4,06-Feb-20 10:18:00,150.2514648
Data Point 1,06-Feb-20 10:19:00,Off
Data Point 2,06-Feb-20 10:19:00,No Data
Data Point 3,06-Feb-20 10:19:00,153.9346558
Data Point 4,06-Feb-20 10:19:00,150.253067
Data Point 1,06-Feb-20 10:20:00,Off
Data Point 2,06-Feb-20 10:20:00,No Data
Data Point 3,06-Feb-20 10:20:00,153.9355255
Data Point 4,06-Feb-20 10:20:00,150.2546692
Data Point 1,06-Feb-20 10:21:00,Off
Data Point 2,06-Feb-20 10:21:00,No Data
Data Point 3,06-Feb-20 10:21:00,153.93638
Data Point 4,06-Feb-20 10:21:00,150.2562714
Data Point 1,06-Feb-20 10:22:00,Off
Data Point 2,06-Feb-20 10:22:00,No Data
Data Point 3,06-Feb-20 10:22:00,153.9372498
Data Point 4,06-Feb-20 10:22:00,150.2578735
Data Point 1,06-Feb-20 10:23:00,Off
Data Point 2,06-Feb-20 10:23:00,No Data
Data Point 3,06-Feb-20 10:23:00,153.9381042
Data Point 4,06-Feb-20 10:23:00,150.259491
Data Point 1,06-Feb-20 10:24:00,Off
Data Point 2,06-Feb-20 10:24:00,No Data
Data Point 3,06-Feb-20 10:24:00,153.9389587
Data Point 4,06-Feb-20 10:24:00,150.2610931
Data Point 1,06-Feb-20 10:25:00,Off
Data Point 2,06-Feb-20 10:25:00,No Data
Data Point 3,06-Feb-20 10:25:00,153.9398285
Data Point 4,06-Feb-20 10:25:00,150.2626953
Data Point 1,06-Feb-20 10:26:00,Off
Data Point 2,06-Feb-20 10:26:00,No Data
Data Point 3,06-Feb-20 10:26:00,153.940683
Data Point 4,06-Feb-20 10:26:00,150.2642975
Data Point 1,06-Feb-20 10:27:00,Off
Data Point 2,06-Feb-20 10:27:00,No Data
Data Point 3,06-Feb-20 10:27:00,153.9415527
Data Point 4,06-Feb-20 10:27:00,150.2658997
Data Point 1,06-Feb-20 10:28:00,Off
Data Point 2,06-Feb-20 10:28:00,No Data
Data Point 3,06-Feb-20 10:28:00,153.9424072
Data Point 4,06-Feb-20 10:28:00,150.2675018
Data Point 1,06-Feb-20 10:29:00,Off
Data Point 2,06-Feb-20 10:29:00,No Data
Data Point 3,06-Feb-20 10:29:00,153.943277
Data Point 4,06-Feb-20 10:29:00,150.269104
Data Point 1,06-Feb-20 10:30:00,Off
Data Point 2,06-Feb-20 10:30:00,No Data
Data Point 3,06-Feb-20 10:30:00,153.9441315
Data Point 4,06-Feb-20 10:30:00,150.2707062
Data Point 1,06-Feb-20 10:31:00,Off
Data Point 2,06-Feb-20 10:31:00,No Data
Data Point 3,06-Feb-20 10:31:00,153.944986
Data Point 4,06-Feb-20 10:31:00,150.2723083
Data Point 1,06-Feb-20 10:32:00,Off
Data Point 2,06-Feb-20 10:32:00,No Data
Data Point 3,06-Feb-20 10:32:00,153.9458557
Data Point 4,06-Feb-20 10:32:00,150.2739258
Data Point 1,06-Feb-20 10:33:00,Off
Data Point 2,06-Feb-20 10:33:00,No Data
Data Point 3,06-Feb-20 10:33:00,153.9467102
Data Point 4,06-Feb-20 10:33:00,150.275528
Data Point 1,06-Feb-20 10:34:00,Off
Data Point 2,06-Feb-20 10:34:00,No Data
Data Point 3,06-Feb-20 10:34:00,153.94758
Data Point 4,06-Feb-20 10:34:00,150.2771301
Data Point 1,06-Feb-20 10:35:00,Off
Data Point 2,06-Feb-20 10:35:00,No Data
Data Point 3,06-Feb-20 10:35:00,153.9484344
Data Point 4,06-Feb-20 10:35:00,150.2787323
Data Point 1,06-Feb-20 10:36:00,Off
Data Point 2,06-Feb-20 10:36:00,No Data
Data Point 3,06-Feb-20 10:36:00,153.9492889
Data Point 4,06-Feb-20 10:36:00,150.2803345
Data Point 1,06-Feb-20 10:37:00,Off
Data Point 2,06-Feb-20 10:37:00,No Data
Data Point 3,06-Feb-20 10:37:00,153.9501587
Data Point 4,06-Feb-20 10:37:00,150.2819366
Data Point 1,06-Feb-20 10:38:00,Off
Data Point 2,06-Feb-20 10:38:00,No Data
Data Point 3,06-Feb-20 10:38:00,153.9510132
Data Point 4,06-Feb-20 10:38:00,150.2835388
Data Point 1,06-Feb-20 10:39:00,Off
Data Point 2,06-Feb-20 10:39:00,No Data
Data Point 3,06-Feb-20 10:39:00,153.9518829
Data Point 4,06-Feb-20 10:39:00,150.285141
Data Point 1,06-Feb-20 10:40:00,Off
Data Point 2,06-Feb-20 10:40:00,No Data
Data Point 3,06-Feb-20 10:40:00,153.9527374
Data Point 4,06-Feb-20 10:40:00,150.2867432
Data Point 1,06-Feb-20 10:41:00,Off
Data Point 2,06-Feb-20 10:41:00,No Data
Data Point 3,06-Feb-20 10:41:00,153.9536072
Data Point 4,06-Feb-20 10:41:00,150.2883606
Data Point 1,06-Feb-20 10:42:00,Off
Data Point 2,06-Feb-20 10:42:00,No Data
Data Point 3,06-Feb-20 10:42:00,153.9544617
Data Point 4,06-Feb-20 10:42:00,150.2899628
Data Point 1,06-Feb-20 10:43:00,Off
Data Point 2,06-Feb-20 10:43:00,No Data
Data Point 3,06-Feb-20 10:43:00,153.9553162
Data Point 4,06-Feb-20 10:43:00,150.2915649
Data Point 1,06-Feb-20 10:44:00,Off
Data Point 2,06-Feb-20 10:44:00,No Data
Data Point 3,06-Feb-20 10:44:00,153.9561859
Data Point 4,06-Feb-20 10:44:00,150.2931671
Data Point 1,06-Feb-20 10:45:00,Off
Data Point 2,06-Feb-20 10:45:00,No Data
Data Point 3,06-Feb-20 10:45:00,153.9570404
Data Point 4,06-Feb-20 10:45:00,150.2947693
Data Point 1,06-Feb-20 10:46:00,Off
Data Point 2,06-Feb-20 10:46:00,No Data
Data Point 3,06-Feb-20 10:46:00,153.9579102
Data Point 4,06-Feb-20 10:46:00,150.2963715
Data Point 1,06-Feb-20 10:47:00,Off
Data Point 2,06-Feb-20 10:47:00,No Data
Data Point 3,06-Feb-20 10:47:00,153.9587646
Data Point 4,06-Feb-20 10:47:00,150.2979736
Data Point 1,06-Feb-20 10:48:00,Off
Data Point 2,06-Feb-20 10:48:00,No Data
Data Point 3,06-Feb-20 10:48:00,153.9596344
Data Point 4,06-Feb-20 10:48:00,150.2995758
Data Point 1,06-Feb-20 10:49:00,Off
Data Point 2,06-Feb-20 10:49:00,No Data
Data Point 3,06-Feb-20 10:49:00,153.9604889
Data Point 4,06-Feb-20 10:49:00,153.901178
Data Point 1,06-Feb-20 10:50:00,Off
Data Point 2,06-Feb-20 10:50:00,No Data
Data Point 3,06-Feb-20 10:50:00,153.9613434
Data Point 4,06-Feb-20 10:50:00,153.9027954
Data Point 1,06-Feb-20 10:51:00,Off
Data Point 2,06-Feb-20 10:51:00,No Data
Data Point 3,06-Feb-20 10:51:00,153.9622131
Data Point 4,06-Feb-20 10:51:00,153.9043976
Data Point 1,06-Feb-20 10:52:00,Off
Data Point 2,06-Feb-20 10:52:00,No Data
Data Point 3,06-Feb-20 10:52:00,153.9630676
Data Point 4,06-Feb-20 10:52:00,153.9059998
Data Point 1,06-Feb-20 10:53:00,Off
Data Point 2,06-Feb-20 10:53:00,No Data
Data Point 3,06-Feb-20 10:53:00,153.9639374
Data Point 4,06-Feb-20 10:53:00,153.9076019
Data Point 1,06-Feb-20 10:54:00,Off
Data Point 2,06-Feb-20 10:54:00,No Data
Data Point 3,06-Feb-20 10:54:00,153.9674774
Data Point 4,06-Feb-20 10:54:00,153.9092041
Data Point 1,06-Feb-20 10:55:00,Off
Data Point 2,06-Feb-20 10:55:00,No Data
Data Point 3,06-Feb-20 10:55:00,150.4743958
Data Point 4,06-Feb-20 10:55:00,153.9108063
Data Point 1,06-Feb-20 10:56:00,Off
Data Point 2,06-Feb-20 10:56:00,No Data
Data Point 3,06-Feb-20 10:56:00,201.4961853
Data Point 4,06-Feb-20 10:56:00,201.2400208
Data Point 1,06-Feb-20 10:57:00,Off
Data Point 2,06-Feb-20 10:57:00,No Data
Data Point 3,06-Feb-20 10:57:00,202.7673492
Data Point 4,06-Feb-20 10:57:00,203.0003204
Data Point 1,06-Feb-20 10:58:00,Off
Data Point 2,06-Feb-20 10:58:00,No Data
Data Point 3,06-Feb-20 10:58:00,206.2567291
Data Point 4,06-Feb-20 10:58:00,205.6083679
Data Point 1,06-Feb-20 10:59:00,Off
Data Point 2,06-Feb-20 10:59:00,No Data
Data Point 3,06-Feb-20 10:59:00,208.6462097
Data Point 4,06-Feb-20 10:59:00,207.9033508
Data Point 1,06-Feb-20 11:00:00,Off
Data Point 2,06-Feb-20 11:00:00,No Data
Data Point 3,06-Feb-20 11:00:00,209.0990753
Data Point 4,06-Feb-20 11:00:00,208.4781494
Data Point 1,06-Feb-20 11:01:00,Off
Data Point 2,06-Feb-20 11:01:00,No Data
Data Point 3,06-Feb-20 11:01:00,210.6022339
Data Point 4,06-Feb-20 11:01:00,209.8555603
Data Point 1,06-Feb-20 11:02:00,Off
Data Point 2,06-Feb-20 11:02:00,No Data
Data Point 3,06-Feb-20 11:02:00,211.1301575
Data Point 4,06-Feb-20 11:02:00,211.0212402
Data Point 1,06-Feb-20 11:03:00,Off
Data Point 2,06-Feb-20 11:03:00,No Data
Data Point 3,06-Feb-20 11:03:00,211.3061066
Data Point 4,06-Feb-20 11:03:00,211.3682861
Data Point 1,06-Feb-20 11:04:00,Off
Data Point 2,06-Feb-20 11:04:00,No Data
Data Point 3,06-Feb-20 11:04:00,212.326355
Data Point 4,06-Feb-20 11:04:00,211.7153168
Data Point 1,06-Feb-20 11:05:00,Off
Data Point 2,06-Feb-20 11:05:00,No Data
Data Point 3,06-Feb-20 11:05:00,211.0022125
Data Point 4,06-Feb-20 11:05:00,211.0546875
Data Point 1,06-Feb-20 11:06:00,Off
Data Point 2,06-Feb-20 11:06:00,No Data
Data Point 3,06-Feb-20 11:06:00,210.8115997
Data Point 4,06-Feb-20 11:06:00,210.6573181
Data Point 1,06-Feb-20 11:07:00,Off
Data Point 2,06-Feb-20 11:07:00,No Data
Data Point 3,06-Feb-20 11:07:00,211.2286072
Data Point 4,06-Feb-20 11:07:00,211.2013092
Data Point 1,06-Feb-20 11:08:00,Off
Data Point 2,06-Feb-20 11:08:00,No Data
Data Point 3,06-Feb-20 11:08:00,213.0284119
Data Point 4,06-Feb-20 11:08:00,213.096405
Data Point 1,06-Feb-20 11:09:00,Off
Data Point 2,06-Feb-20 11:09:00,No Data
Data Point 3,06-Feb-20 11:09:00,214.8513184
Data Point 4,06-Feb-20 11:09:00,215.1748352
Data Point 1,06-Feb-20 11:10:00,Off
Data Point 2,06-Feb-20 11:10:00,No Data
Data Point 3,06-Feb-20 11:10:00,218.0510101
Data Point 4,06-Feb-20 11:10:00,217.4858856
Data Point 1,06-Feb-20 11:11:00,Off
Data Point 2,06-Feb-20 11:11:00,No Data
Data Point 3,06-Feb-20 11:11:00,220.7791595
Data Point 4,06-Feb-20 11:11:00,220.1313782
Data Point 1,06-Feb-20 11:12:00,Off
Data Point 2,06-Feb-20 11:12:00,No Data
Data Point 3,06-Feb-20 11:12:00,222.0176392
Data Point 4,06-Feb-20 11:12:00,221.7553558
Data Point 1,06-Feb-20 11:13:00,Off
Data Point 2,06-Feb-20 11:13:00,No Data
Data Point 3,06-Feb-20 11:13:00,224.102478
Data Point 4,06-Feb-20 11:13:00,223.022171
Data Point 1,06-Feb-20 11:14:00,Off
Data Point 2,06-Feb-20 11:14:00,No Data
Data Point 3,06-Feb-20 11:14:00,225.0788422
Data Point 4,06-Feb-20 11:14:00,224.2889709
Data Point 1,06-Feb-20 11:15:00,Off
Data Point 2,06-Feb-20 11:15:00,No Data
Data Point 3,06-Feb-20 11:15:00,226.180542
Data Point 4,06-Feb-20 11:15:00,225.5540161
Data Point 1,06-Feb-20 11:16:00,Off
Data Point 2,06-Feb-20 11:16:00,No Data
Data Point 3,06-Feb-20 11:16:00,226.3154449
Data Point 4,06-Feb-20 11:16:00,225.8762207
Data Point 1,06-Feb-20 11:17:00,Off
Data Point 2,06-Feb-20 11:17:00,No Data
Data Point 3,06-Feb-20 11:17:00,226.4503632
Data Point 4,06-Feb-20 11:17:00,226.1984406
Data Point 1,06-Feb-20 11:18:00,Off
Data Point 2,06-Feb-20 11:18:00,No Data
Data Point 3,06-Feb-20 11:18:00,228.6772308
Data Point 4,06-Feb-20 11:18:00,227.8394012
Data Point 1,06-Feb-20 11:19:00,Off
Data Point 2,06-Feb-20 11:19:00,No Data
Data Point 3,06-Feb-20 11:19:00,230.3321533
Data Point 4,06-Feb-20 11:19:00,229.576828
Data Point 1,06-Feb-20 11:20:00,Off
Data Point 2,06-Feb-20 11:20:00,No Data
Data Point 3,06-Feb-20 11:20:00,231.9379425
Data Point 4,06-Feb-20 11:20:00,231.145813
Data Point 1,06-Feb-20 11:21:00,Off
Data Point 2,06-Feb-20 11:21:00,No Data
Data Point 3,06-Feb-20 11:21:00,232.5589294
Data Point 4,06-Feb-20 11:21:00,232.4560852
Data Point 1,06-Feb-20 11:22:00,Off
Data Point 2,06-Feb-20 11:22:00,No Data
Data Point 3,06-Feb-20 11:22:00,234.9676971
Data Point 4,06-Feb-20 11:22:00,233.9879761
Data Point 1,06-Feb-20 11:23:00,Off
Data Point 2,06-Feb-20 11:23:00,No Data
Data Point 3,06-Feb-20 11:23:00,235.7792206
Data Point 4,06-Feb-20 11:23:00,235.5516357
Data Point 1,06-Feb-20 11:24:00,Off
Data Point 2,06-Feb-20 11:24:00,No Data
Data Point 3,06-Feb-20 11:24:00,237.0899048
Data Point 4,06-Feb-20 11:24:00,236.8278046
Data Point 1,06-Feb-20 11:25:00,Off
Data Point 2,06-Feb-20 11:25:00,No Data
Data Point 3,06-Feb-20 11:25:00,239.1213379
Data Point 4,06-Feb-20 11:25:00,239.1468811
Data Point 1,06-Feb-20 11:26:00,Off
Data Point 2,06-Feb-20 11:26:00,No Data
Data Point 3,06-Feb-20 11:26:00,240.2512512
Data Point 4,06-Feb-20 11:26:00,239.5958405
Data Point 1,06-Feb-20 11:27:00,Off
Data Point 2,06-Feb-20 11:27:00,No Data
Data Point 3,06-Feb-20 11:27:00,242.1870728
Data Point 4,06-Feb-20 11:27:00,241.5267334
Data Point 1,06-Feb-20 11:28:00,Off
Data Point 2,06-Feb-20 11:28:00,No Data
Data Point 3,06-Feb-20 11:28:00,244.0819092
Data Point 4,06-Feb-20 11:28:00,243.4732666
Data Point 1,06-Feb-20 11:29:00,Off
Data Point 2,06-Feb-20 11:29:00,No Data
Data Point 3,06-Feb-20 11:29:00,246.8204041
Data Point 4,06-Feb-20 11:29:00,245.6963806
Data Point 1,06-Feb-20 11:30:00,Off
Data Point 2,06-Feb-20 11:30:00,No Data
Data Point 3,06-Feb-20 11:30:00,247.3397217
Data Point 4,06-Feb-20 11:30:00,247.2949677
Data Point 1,06-Feb-20 11:31:00,Off
Data Point 2,06-Feb-20 11:31:00,No Data
Data Point 3,06-Feb-20 11:31:00,248.5999146
Data Point 4,06-Feb-20 11:31:00,248.0635223
Data Point 1,06-Feb-20 11:32:00,Off
Data Point 2,06-Feb-20 11:32:00,No Data
Data Point 3,06-Feb-20 11:32:00,250.4672089
Data Point 4,06-Feb-20 11:32:00,249.1156158
Data Point 1,06-Feb-20 11:33:00,Off
Data Point 2,06-Feb-20 11:33:00,No Data
Data Point 3,06-Feb-20 11:33:00,251.1010132
Data Point 4,06-Feb-20 11:33:00,250.365799
Data Point 1,06-Feb-20 11:34:00,Off
Data Point 2,06-Feb-20 11:34:00,No Data
Data Point 3,06-Feb-20 11:34:00,251.1529694
Data Point 4,06-Feb-20 11:34:00,251.3442078
Data Point 1,06-Feb-20 11:35:00,Off
Data Point 2,06-Feb-20 11:35:00,No Data
Data Point 3,06-Feb-20 11:35:00,253.9837189
Data Point 4,06-Feb-20 11:35:00,253.3498077
Data Point 1,06-Feb-20 11:36:00,Off
Data Point 2,06-Feb-20 11:36:00,No Data
Data Point 3,06-Feb-20 11:36:00,255.5396881
Data Point 4,06-Feb-20 11:36:00,255.4662476
Data Point 1,06-Feb-20 11:37:00,Off
Data Point 2,06-Feb-20 11:37:00,No Data
Data Point 3,06-Feb-20 11:37:00,257.3859558
Data Point 4,06-Feb-20 11:37:00,257.5311279
Data Point 1,06-Feb-20 11:38:00,Off
Data Point 2,06-Feb-20 11:38:00,No Data
Data Point 3,06-Feb-20 11:38:00,258.5648804
Data Point 4,06-Feb-20 11:38:00,258.4719543
Data Point 1,06-Feb-20 11:39:00,Off
Data Point 2,06-Feb-20 11:39:00,No Data
Data Point 3,06-Feb-20 11:39:00,260.5139465
Data Point 4,06-Feb-20 11:39:00,259.8725586
Data Point 1,06-Feb-20 11:40:00,Off
Data Point 2,06-Feb-20 11:40:00,No Data
Data Point 3,06-Feb-20 11:40:00,262.337738
Data Point 4,06-Feb-20 11:40:00,261.6087036
Data Point 1,06-Feb-20 11:41:00,Off
Data Point 2,06-Feb-20 11:41:00,No Data
Data Point 3,06-Feb-20 11:41:00,262.1815186
Data Point 4,06-Feb-20 11:41:00,261.8097839
Data Point 1,06-Feb-20 11:42:00,Off
Data Point 2,06-Feb-20 11:42:00,No Data
Data Point 3,06-Feb-20 11:42:00,262.4159546
Data Point 4,06-Feb-20 11:42:00,261.6856995
Data Point 1,06-Feb-20 11:43:00,Off
Data Point 2,06-Feb-20 11:43:00,No Data
Data Point 3,06-Feb-20 11:43:00,262.9936523
Data Point 4,06-Feb-20 11:43:00,262.8100586
Data Point 1,06-Feb-20 11:44:00,Off
Data Point 2,06-Feb-20 11:44:00,No Data
Data Point 3,06-Feb-20 11:44:00,265.6221313
Data Point 4,06-Feb-20 11:44:00,264.9764404
Data Point 1,06-Feb-20 11:45:00,Off
Data Point 2,06-Feb-20 11:45:00,No Data
Data Point 3,06-Feb-20 11:45:00,266.2551575
Data Point 4,06-Feb-20 11:45:00,266.333252
Data Point 1,06-Feb-20 11:46:00,Off
Data Point 2,06-Feb-20 11:46:00,No Data
Data Point 3,06-Feb-20 11:46:00,268.4210205
Data Point 4,06-Feb-20 11:46:00,267.8332214
Data Point 1,06-Feb-20 11:47:00,Off
Data Point 2,06-Feb-20 11:47:00,No Data
Data Point 3,06-Feb-20 11:47:00,271.3721924
Data Point 4,06-Feb-20 11:47:00,270.7102661
Data Point 1,06-Feb-20 11:48:00,Off
Data Point 2,06-Feb-20 11:48:00,No Data
Data Point 3,06-Feb-20 11:48:00,273.9881897
Data Point 4,06-Feb-20 11:48:00,273.5872803
Data Point 1,06-Feb-20 11:49:00,Off
Data Point 2,06-Feb-20 11:49:00,No Data
Data Point 3,06-Feb-20 11:49:00,275.7810364
Data Point 4,06-Feb-20 11:49:00,275.1806946
Data Point 1,06-Feb-20 11:50:00,Off
Data Point 2,06-Feb-20 11:50:00,No Data
Data Point 3,06-Feb-20 11:50:00,276.9735107
Data Point 4,06-Feb-20 11:50:00,276.447998
Data Point 1,06-Feb-20 11:51:00,Off
Data Point 2,06-Feb-20 11:51:00,No Data
Data Point 3,06-Feb-20 11:51:00,278.2746887
Data Point 4,06-Feb-20 11:51:00,277.8907166
Data Point 1,06-Feb-20 11:52:00,Off
Data Point 2,06-Feb-20 11:52:00,No Data
Data Point 3,06-Feb-20 11:52:00,277.9676208
Data Point 4,06-Feb-20 11:52:00,278.1096802
Data Point 1,06-Feb-20 11:53:00,Off
Data Point 2,06-Feb-20 11:53:00,No Data
Data Point 3,06-Feb-20 11:53:00,279.6902466
Data Point 4,06-Feb-20 11:53:00,279.4820251
Data Point 1,06-Feb-20 11:54:00,Off
Data Point 2,06-Feb-20 11:54:00,No Data
Data Point 3,06-Feb-20 11:54:00,281.8612976
Data Point 4,06-Feb-20 11:54:00,281.3954163
Data Point 1,06-Feb-20 11:55:00,Off
Data Point 2,06-Feb-20 11:55:00,No Data
Data Point 3,06-Feb-20 11:55:00,283.5219421
Data Point 4,06-Feb-20 11:55:00,283.158844
Data Point 1,06-Feb-20 11:56:00,Off
Data Point 2,06-Feb-20 11:56:00,No Data
Data Point 3,06-Feb-20 11:56:00,284.5341187
Data Point 4,06-Feb-20 11:56:00,284.0128174
Data Point 1,06-Feb-20 11:57:00,Off
Data Point 2,06-Feb-20 11:57:00,No Data
Data Point 3,06-Feb-20 11:57:00,284.8370056
Data Point 4,06-Feb-20 11:57:00,284.2260132
Data Point 1,06-Feb-20 11:58:00,Off
Data Point 2,06-Feb-20 11:58:00,No Data
Data Point 3,06-Feb-20 11:58:00,287.1496277
Data Point 4,06-Feb-20 11:58:00,286.3878174
Data Point 1,06-Feb-20 11:59:00,Off
Data Point 2,06-Feb-20 11:59:00,No Data
Data Point 3,06-Feb-20 11:59:00,289.1148682
Data Point 4,06-Feb-20 11:59:00,288.987854
Data Point 1,06-Feb-20 12:00:00,Off
Data Point 2,06-Feb-20 12:00:00,No Data
Data Point 3,06-Feb-20 12:00:00,289.948822
Data Point 4,06-Feb-20 12:00:00,290.0948181
Data Point 1,06-Feb-20 12:01:00,Off
Data Point 2,06-Feb-20 12:01:00,No Data
Data Point 3,06-Feb-20 12:01:00,290.9804688
Data Point 4,06-Feb-20 12:01:00,290.6204224
Data Point 1,06-Feb-20 12:02:00,Off
Data Point 2,06-Feb-20 12:02:00,No Data
Data Point 3,06-Feb-20 12:02:00,293.5551147
Data Point 4,06-Feb-20 12:02:00,293.0402222
Data Point 1,06-Feb-20 12:03:00,Off
Data Point 2,06-Feb-20 12:03:00,No Data
Data Point 3,06-Feb-20 12:03:00,295.4618835
Data Point 4,06-Feb-20 12:03:00,295.3766785
Data Point 1,06-Feb-20 12:04:00,Off
Data Point 2,06-Feb-20 12:04:00,No Data
Data Point 3,06-Feb-20 12:04:00,297.2632446
Data Point 4,06-Feb-20 12:04:00,297.0195618
Data Point 1,06-Feb-20 12:05:00,Off
Data Point 2,06-Feb-20 12:05:00,No Data
Data Point 3,06-Feb-20 12:05:00,299.7411194
Data Point 4,06-Feb-20 12:05:00,299.4875488
Data Point 1,06-Feb-20 12:06:00,Off
Data Point 2,06-Feb-20 12:06:00,No Data
Data Point 3,06-Feb-20 12:06:00,302.108551
Data Point 4,06-Feb-20 12:06:00,302.0454102
Data Point 1,06-Feb-20 12:07:00,Off
Data Point 2,06-Feb-20 12:07:00,No Data
Data Point 3,06-Feb-20 12:07:00,301.9070435
Data Point 4,06-Feb-20 12:07:00,302.3747253
Data Point 1,06-Feb-20 12:08:00,Off
Data Point 2,06-Feb-20 12:08:00,No Data
Data Point 3,06-Feb-20 12:08:00,303.7679749
Data Point 4,06-Feb-20 12:08:00,304.2845459
Data Point 1,06-Feb-20 12:09:00,Off
Data Point 2,06-Feb-20 12:09:00,No Data
Data Point 3,06-Feb-20 12:09:00,308.2476807
Data Point 4,06-Feb-20 12:09:00,308.5351257
Data Point 1,06-Feb-20 12:10:00,Off
Data Point 2,06-Feb-20 12:10:00,No Data
Data Point 3,06-Feb-20 12:10:00,313.4837036
Data Point 4,06-Feb-20 12:10:00,313.2187195
Data Point 1,06-Feb-20 12:11:00,Off
Data Point 2,06-Feb-20 12:11:00,No Data
Data Point 3,06-Feb-20 12:11:00,314.6698914
Data Point 4,06-Feb-20 12:11:00,314.6264954
Data Point 1,06-Feb-20 12:12:00,Off
Data Point 2,06-Feb-20 12:12:00,No Data
Data Point 3,06-Feb-20 12:12:00,315.3275452
Data Point 4,06-Feb-20 12:12:00,314.8465576
Data Point 1,06-Feb-20 12:13:00,Off
Data Point 2,06-Feb-20 12:13:00,No Data
Data Point 3,06-Feb-20 12:13:00,316.9025269
Data Point 4,06-Feb-20 12:13:00,316.5497131
Data Point 1,06-Feb-20 12:14:00,Off
Data Point 2,06-Feb-20 12:14:00,No Data
Data Point 3,06-Feb-20 12:14:00,318.4050293
Data Point 4,06-Feb-20 12:14:00,318.2642212
Data Point 1,06-Feb-20 12:15:00,Off
Data Point 2,06-Feb-20 12:15:00,No Data
Data Point 3,06-Feb-20 12:15:00,318.2138672
Data Point 4,06-Feb-20 12:15:00,318.5490417
Data Point 1,06-Feb-20 12:16:00,Off
Data Point 2,06-Feb-20 12:16:00,No Data
Data Point 3,06-Feb-20 12:16:00,319.6150867
Data Point 4,06-Feb-20 12:16:00,319.5769653
Data Point 1,06-Feb-20 12:17:00,Off
Data Point 2,06-Feb-20 12:17:00,No Data
Data Point 3,06-Feb-20 12:17:00,322.027832
Data Point 4,06-Feb-20 12:17:00,321.9611206
Data Point 1,06-Feb-20 12:18:00,Off
Data Point 2,06-Feb-20 12:18:00,No Data
Data Point 3,06-Feb-20 12:18:00,324.0302124
Data Point 4,06-Feb-20 12:18:00,323.6763611
Data Point 1,06-Feb-20 12:19:00,Off
Data Point 2,06-Feb-20 12:19:00,No Data
Data Point 3,06-Feb-20 12:19:00,324.1290283
Data Point 4,06-Feb-20 12:19:00,324.3954468
Data Point 1,06-Feb-20 12:20:00,Off
Data Point 2,06-Feb-20 12:20:00,No Data
Data Point 3,06-Feb-20 12:20:00,325.3061218
Data Point 4,06-Feb-20 12:20:00,324.9749756
Data Point 1,06-Feb-20 12:21:00,Off
Data Point 2,06-Feb-20 12:21:00,No Data
Data Point 3,06-Feb-20 12:21:00,327.8618774
Data Point 4,06-Feb-20 12:21:00,327.4246216
Data Point 1,06-Feb-20 12:22:00,Off
Data Point 2,06-Feb-20 12:22:00,No Data
Data Point 3,06-Feb-20 12:22:00,331.0661011
Data Point 4,06-Feb-20 12:22:00,330.4542542
Data Point 1,06-Feb-20 12:23:00,Off
Data Point 2,06-Feb-20 12:23:00,No Data
Data Point 3,06-Feb-20 12:23:00,331.6117859
Data Point 4,06-Feb-20 12:23:00,330.9403687
Data Point 1,06-Feb-20 12:24:00,Off
Data Point 2,06-Feb-20 12:24:00,No Data
Data Point 3,06-Feb-20 12:24:00,331.7115784
Data Point 4,06-Feb-20 12:24:00,330.8509827
Data Point 1,06-Feb-20 12:25:00,Off
Data Point 2,06-Feb-20 12:25:00,No Data
Data Point 3,06-Feb-20 12:25:00,333.3497925
Data Point 4,06-Feb-20 12:25:00,333.3421936
Data Point 1,06-Feb-20 12:26:00,Off
Data Point 2,06-Feb-20 12:26:00,No Data
Data Point 3,06-Feb-20 12:26:00,336.57901
Data Point 4,06-Feb-20 12:26:00,336.4135742
Data Point 1,06-Feb-20 12:27:00,Off
Data Point 2,06-Feb-20 12:27:00,No Data
Data Point 3,06-Feb-20 12:27:00,337.4628296
Data Point 4,06-Feb-20 12:27:00,337.4081116
Data Point 1,06-Feb-20 12:28:00,Off
Data Point 2,06-Feb-20 12:28:00,No Data
Data Point 3,06-Feb-20 12:28:00,339.1489563
Data Point 4,06-Feb-20 12:28:00,338.4356079
Data Point 1,06-Feb-20 12:29:00,Off
Data Point 2,06-Feb-20 12:29:00,No Data
Data Point 3,06-Feb-20 12:29:00,340.757782
Data Point 4,06-Feb-20 12:29:00,340.5569153
Data Point 1,06-Feb-20 12:30:00,Off
Data Point 2,06-Feb-20 12:30:00,No Data
Data Point 3,06-Feb-20 12:30:00,343.3129578
Data Point 4,06-Feb-20 12:30:00,342.3317871
Data Point 1,06-Feb-20 12:31:00,Off
Data Point 2,06-Feb-20 12:31:00,No Data
Data Point 3,06-Feb-20 12:31:00,343.700592
Data Point 4,06-Feb-20 12:31:00,343.5012207
Data Point 1,06-Feb-20 12:32:00,Off
Data Point 2,06-Feb-20 12:32:00,No Data
Data Point 3,06-Feb-20 12:32:00,346.2615662
Data Point 4,06-Feb-20 12:32:00,345.8598328
Data Point 1,06-Feb-20 12:33:00,Off
Data Point 2,06-Feb-20 12:33:00,No Data
Data Point 3,06-Feb-20 12:33:00,348.6166687
Data Point 4,06-Feb-20 12:33:00,348.4651184
Data Point 1,06-Feb-20 12:34:00,Off
Data Point 2,06-Feb-20 12:34:00,No Data
Data Point 3,06-Feb-20 12:34:00,349.7747803
Data Point 4,06-Feb-20 12:34:00,349.3168945
Data Point 1,06-Feb-20 12:35:00,Off
Data Point 2,06-Feb-20 12:35:00,No Data
Data Point 3,06-Feb-20 12:35:00,351.3351135
Data Point 4,06-Feb-20 12:35:00,351.4805603
Data Point 1,06-Feb-20 12:36:00,Off
Data Point 2,06-Feb-20 12:36:00,No Data
Data Point 3,06-Feb-20 12:36:00,355.1930237
Data Point 4,06-Feb-20 12:36:00,354.4009399
Data Point 1,06-Feb-20 12:37:00,Off
Data Point 2,06-Feb-20 12:37:00,No Data
Data Point 3,06-Feb-20 12:37:00,357.9068298
Data Point 4,06-Feb-20 12:37:00,357.3212891
Data Point 1,06-Feb-20 12:38:00,Off
Data Point 2,06-Feb-20 12:38:00,No Data
Data Point 3,06-Feb-20 12:38:00,357.7403259
Data Point 4,06-Feb-20 12:38:00,357.4685974
Data Point 1,06-Feb-20 12:39:00,Off
Data Point 2,06-Feb-20 12:39:00,No Data
Data Point 3,06-Feb-20 12:39:00,357.714386
Data Point 4,06-Feb-20 12:39:00,357.216095
Data Point 1,06-Feb-20 12:40:00,Off
Data Point 2,06-Feb-20 12:40:00,No Data
Data Point 3,06-Feb-20 12:40:00,357.6884155
Data Point 4,06-Feb-20 12:40:00,356.963562
Data Point 1,06-Feb-20 12:41:00,Off
Data Point 2,06-Feb-20 12:41:00,No Data
Data Point 3,06-Feb-20 12:41:00,355.8065186
Data Point 4,06-Feb-20 12:41:00,355.7007751
Data Point 1,06-Feb-20 12:42:00,Off
Data Point 2,06-Feb-20 12:42:00,No Data
Data Point 3,06-Feb-20 12:42:00,355.1604004
Data Point 4,06-Feb-20 12:42:00,354.9003296
Data Point 1,06-Feb-20 12:43:00,Off
Data Point 2,06-Feb-20 12:43:00,No Data
Data Point 3,06-Feb-20 12:43:00,356.8694153
Data Point 4,06-Feb-20 12:43:00,356.8550415
Data Point 1,06-Feb-20 12:44:00,Off
Data Point 2,06-Feb-20 12:44:00,No Data
Data Point 3,06-Feb-20 12:44:00,361.5570679
Data Point 4,06-Feb-20 12:44:00,360.4749451
Data Point 1,06-Feb-20 12:45:00,Off
Data Point 2,06-Feb-20 12:45:00,No Data
Data Point 3,06-Feb-20 12:45:00,362.7192078
Data Point 4,06-Feb-20 12:45:00,362.9701233
Data Point 1,06-Feb-20 12:46:00,Off
Data Point 2,06-Feb-20 12:46:00,No Data
Data Point 3,06-Feb-20 12:46:00,366.0419922
Data Point 4,06-Feb-20 12:46:00,366.346344
Data Point 1,06-Feb-20 12:47:00,Off
Data Point 2,06-Feb-20 12:47:00,No Data
Data Point 3,06-Feb-20 12:47:00,371.9315491
Data Point 4,06-Feb-20 12:47:00,371.2061157
Data Point 1,06-Feb-20 12:48:00,Off
Data Point 2,06-Feb-20 12:48:00,No Data
Data Point 3,06-Feb-20 12:48:00,376.5653076
Data Point 4,06-Feb-20 12:48:00,376.0658875
Data Point 1,06-Feb-20 12:49:00,Off
Data Point 2,06-Feb-20 12:49:00,No Data
Data Point 3,06-Feb-20 12:49:00,378.9017639
Data Point 4,06-Feb-20 12:49:00,378.6000671
Data Point 1,06-Feb-20 12:50:00,Off
Data Point 2,06-Feb-20 12:50:00,No Data
Data Point 3,06-Feb-20 12:50:00,381.0541077
Data Point 4,06-Feb-20 12:50:00,381.190094
Data Point 1,06-Feb-20 12:51:00,Off
Data Point 2,06-Feb-20 12:51:00,No Data
Data Point 3,06-Feb-20 12:51:00,384.5099487
Data Point 4,06-Feb-20 12:51:00,384.8217773
Data Point 1,06-Feb-20 12:52:00,Off
Data Point 2,06-Feb-20 12:52:00,No Data
Data Point 3,06-Feb-20 12:52:00,387.5715027
Data Point 4,06-Feb-20 12:52:00,387.5713196
Data Point 1,06-Feb-20 12:53:00,Off
Data Point 2,06-Feb-20 12:53:00,No Data
Data Point 3,06-Feb-20 12:53:00,390.7809143
Data Point 4,06-Feb-20 12:53:00,390.4943542
Data Point 1,06-Feb-20 12:54:00,Off
Data Point 2,06-Feb-20 12:54:00,No Data
Data Point 3,06-Feb-20 12:54:00,394.4714661
Data Point 4,06-Feb-20 12:54:00,393.8496704
Data Point 1,06-Feb-20 12:55:00,Off
Data Point 2,06-Feb-20 12:55:00,No Data
Data Point 3,06-Feb-20 12:55:00,398.4364319
Data Point 4,06-Feb-20 12:55:00,397.7397766
Data Point 1,06-Feb-20 12:56:00,Off
Data Point 2,06-Feb-20 12:56:00,No Data
Data Point 3,06-Feb-20 12:56:00,400.3800659
Data Point 4,06-Feb-20 12:56:00,400.0869751
Data Point 1,06-Feb-20 12:57:00,Off
Data Point 2,06-Feb-20 12:57:00,No Data
Data Point 3,06-Feb-20 12:57:00,404.8511658
Data Point 4,06-Feb-20 12:57:00,404.4273987
Data Point 1,06-Feb-20 12:58:00,Off
Data Point 2,06-Feb-20 12:58:00,No Data
Data Point 3,06-Feb-20 12:58:00,409.7519531
Data Point 4,06-Feb-20 12:58:00,408.8397522
Data Point 1,06-Feb-20 12:59:00,Off
Data Point 2,06-Feb-20 12:59:00,No Data
Data Point 3,06-Feb-20 12:59:00,412.4666443
Data Point 4,06-Feb-20 12:59:00,411.8968201
Data Point 1,06-Feb-20 13:00:00,Off
Data Point 2,06-Feb-20 13:00:00,No Data
Data Point 3,06-Feb-20 13:00:00,414.224762
Data Point 4,06-Feb-20 13:00:00,414.788147
Data Point 1,06-Feb-20 13:01:00,Off
Data Point 2,06-Feb-20 13:01:00,No Data
Data Point 3,06-Feb-20 13:01:00,418.0511169
Data Point 4,06-Feb-20 13:01:00,418.1467896
Data Point 1,06-Feb-20 13:02:00,Off
Data Point 2,06-Feb-20 13:02:00,No Data
Data Point 3,06-Feb-20 13:02:00,421.8852539
Data Point 4,06-Feb-20 13:02:00,421.7090149
Data Point 1,06-Feb-20 13:03:00,Off
Data Point 2,06-Feb-20 13:03:00,No Data
Data Point 3,06-Feb-20 13:03:00,425.0113525
Data Point 4,06-Feb-20 13:03:00,425.0438232
Data Point 1,06-Feb-20 13:04:00,Off
Data Point 2,06-Feb-20 13:04:00,No Data
Data Point 3,06-Feb-20 13:04:00,431.9443359
Data Point 4,06-Feb-20 13:04:00,430.9630127
Data Point 1,06-Feb-20 13:05:00,Off
Data Point 2,06-Feb-20 13:05:00,No Data
Data Point 3,06-Feb-20 13:05:00,435.6924438
Data Point 4,06-Feb-20 13:05:00,435.0516052
Data Point 1,06-Feb-20 13:06:00,Off
Data Point 2,06-Feb-20 13:06:00,No Data
Data Point 3,06-Feb-20 13:06:00,438.2631531
Data Point 4,06-Feb-20 13:06:00,437.777832
Data Point 1,06-Feb-20 13:07:00,Off
Data Point 2,06-Feb-20 13:07:00,No Data
Data Point 3,06-Feb-20 13:07:00,440.3279724
Data Point 4,06-Feb-20 13:07:00,440.0479126
Data Point 1,06-Feb-20 13:08:00,Off
Data Point 2,06-Feb-20 13:08:00,No Data
Data Point 3,06-Feb-20 13:08:00,444.5537415
Data Point 4,06-Feb-20 13:08:00,444.1869812
Data Point 1,06-Feb-20 13:09:00,Off
Data Point 2,06-Feb-20 13:09:00,No Data
Data Point 3,06-Feb-20 13:09:00,447.9124451
Data Point 4,06-Feb-20 13:09:00,448.3260498
Data Point 1,06-Feb-20 13:10:00,Off
Data Point 2,06-Feb-20 13:10:00,No Data
Data Point 3,06-Feb-20 13:10:00,452.1410828
Data Point 4,06-Feb-20 13:10:00,452.2302551
Data Point 1,06-Feb-20 13:11:00,Off
Data Point 2,06-Feb-20 13:11:00,No Data
Data Point 3,06-Feb-20 13:11:00,459.191925
Data Point 4,06-Feb-20 13:11:00,459.3700256
Data Point 1,06-Feb-20 13:12:00,Off
Data Point 2,06-Feb-20 13:12:00,No Data
Data Point 3,06-Feb-20 13:12:00,465.6491394
Data Point 4,06-Feb-20 13:12:00,465.5267944
Data Point 1,06-Feb-20 13:13:00,Off
Data Point 2,06-Feb-20 13:13:00,No Data
Data Point 3,06-Feb-20 13:13:00,470.0679932
Data Point 4,06-Feb-20 13:13:00,470.0971375
Data Point 1,06-Feb-20 13:14:00,Off
Data Point 2,06-Feb-20 13:14:00,No Data
Data Point 3,06-Feb-20 13:14:00,472.6221924
Data Point 4,06-Feb-20 13:14:00,472.4368286
Data Point 1,06-Feb-20 13:15:00,Off
Data Point 2,06-Feb-20 13:15:00,No Data
Data Point 3,06-Feb-20 13:15:00,476.5891724
Data Point 4,06-Feb-20 13:15:00,476.8286438
Data Point 1,06-Feb-20 13:16:00,Off
Data Point 2,06-Feb-20 13:16:00,No Data
Data Point 3,06-Feb-20 13:16:00,481.1358643
Data Point 4,06-Feb-20 13:16:00,481.3429565
Data Point 1,06-Feb-20 13:17:00,Off
Data Point 2,06-Feb-20 13:17:00,No Data
Data Point 3,06-Feb-20 13:17:00,485.2229919
Data Point 4,06-Feb-20 13:17:00,485.8069458
Data Point 1,06-Feb-20 13:18:00,Off
Data Point 2,06-Feb-20 13:18:00,No Data
Data Point 3,06-Feb-20 13:18:00,491.4289551
Data Point 4,06-Feb-20 13:18:00,491.7558899
Data Point 1,06-Feb-20 13:19:00,Off
Data Point 2,06-Feb-20 13:19:00,No Data
Data Point 3,06-Feb-20 13:19:00,499.2914124
Data Point 4,06-Feb-20 13:19:00,499.198822
Data Point 1,06-Feb-20 13:20:00,Off
Data Point 2,06-Feb-20 13:20:00,No Data
Data Point 3,06-Feb-20 13:20:00,503.1404724
Data Point 4,06-Feb-20 13:20:00,503.7634277
Data Point 1,06-Feb-20 13:21:00,Off
Data Point 2,06-Feb-20 13:21:00,No Data
Data Point 3,06-Feb-20 13:21:00,506.9505615
Data Point 4,06-Feb-20 13:21:00,507.0041809
Data Point 1,06-Feb-20 13:22:00,Off
Data Point 2,06-Feb-20 13:22:00,No Data
Data Point 3,06-Feb-20 13:22:00,509.46875
Data Point 4,06-Feb-20 13:22:00,509.2571106
Data Point 1,06-Feb-20 13:23:00,Off
Data Point 2,06-Feb-20 13:23:00,No Data
Data Point 3,06-Feb-20 13:23:00,513.3500977
Data Point 4,06-Feb-20 13:23:00,513.3880005
Data Point 1,06-Feb-20 13:24:00,Off
Data Point 2,06-Feb-20 13:24:00,No Data
Data Point 3,06-Feb-20 13:24:00,517.4400635
Data Point 4,06-Feb-20 13:24:00,517.4925537
Data Point 1,06-Feb-20 13:25:00,Off
Data Point 2,06-Feb-20 13:25:00,No Data
Data Point 3,06-Feb-20 13:25:00,521.7369385
Data Point 4,06-Feb-20 13:25:00,522.5794678
Data Point 1,06-Feb-20 13:26:00,Off
Data Point 2,06-Feb-20 13:26:00,No Data
Data Point 3,06-Feb-20 13:26:00,529.4514771
Data Point 4,06-Feb-20 13:26:00,530.0917969
Data Point 1,06-Feb-20 13:27:00,Off
Data Point 2,06-Feb-20 13:27:00,No Data
Data Point 3,06-Feb-20 13:27:00,536.7928467
Data Point 4,06-Feb-20 13:27:00,537.3092651
Data Point 1,06-Feb-20 13:28:00,Off
Data Point 2,06-Feb-20 13:28:00,No Data
Data Point 3,06-Feb-20 13:28:00,542.0978394
Data Point 4,06-Feb-20 13:28:00,542.1644897
Data Point 1,06-Feb-20 13:29:00,Off
Data Point 2,06-Feb-20 13:29:00,No Data
Data Point 3,06-Feb-20 13:29:00,545.4451294
Data Point 4,06-Feb-20 13:29:00,545.6413574
Data Point 1,06-Feb-20 13:30:00,Off
Data Point 2,06-Feb-20 13:30:00,No Data
Data Point 3,06-Feb-20 13:30:00,551.519165
Data Point 4,06-Feb-20 13:30:00,551.3002319
Data Point 1,06-Feb-20 13:31:00,Off
Data Point 2,06-Feb-20 13:31:00,No Data
Data Point 3,06-Feb-20 13:31:00,556.4952393
Data Point 4,06-Feb-20 13:31:00,556.6210327
Data Point 1,06-Feb-20 13:32:00,Off
Data Point 2,06-Feb-20 13:32:00,No Data
Data Point 3,06-Feb-20 13:32:00,560.2905273
Data Point 4,06-Feb-20 13:32:00,560.5886841
Data Point 1,06-Feb-20 13:33:00,Off
Data Point 2,06-Feb-20 13:33:00,No Data
Data Point 3,06-Feb-20 13:33:00,566.0620728
Data Point 4,06-Feb-20 13:33:00,566.0362549
Data Point 1,06-Feb-20 13:34:00,Off
Data Point 2,06-Feb-20 13:34:00,No Data
Data Point 3,06-Feb-20 13:34:00,572.4226685
Data Point 4,06-Feb-20 13:34:00,572.6033936
Data Point 1,06-Feb-20 13:35:00,Off
Data Point 2,06-Feb-20 13:35:00,No Data
Data Point 3,06-Feb-20 13:35:00,576.6428223
Data Point 4,06-Feb-20 13:35:00,576.5797729
Data Point 1,06-Feb-20 13:36:00,Off
Data Point 2,06-Feb-20 13:36:00,No Data
Data Point 3,06-Feb-20 13:36:00,580.0855103
Data Point 4,06-Feb-20 13:36:00,579.7736816
Data Point 1,06-Feb-20 13:37:00,Off
Data Point 2,06-Feb-20 13:37:00,No Data
Data Point 3,06-Feb-20 13:37:00,584.5892944
Data Point 4,06-Feb-20 13:37:00,584.7325439
Data Point 1,06-Feb-20 13:38:00,Off
Data Point 2,06-Feb-20 13:38:00,No Data
Data Point 3,06-Feb-20 13:38:00,589.5145264
Data Point 4,06-Feb-20 13:38:00,589.8045654
Data Point 1,06-Feb-20 13:39:00,Off
Data Point 2,06-Feb-20 13:39:00,No Data
Data Point 3,06-Feb-20 13:39:00,592.0365601
Data Point 4,06-Feb-20 13:39:00,593.0482178
Data Point 1,06-Feb-20 13:40:00,Off
Data Point 2,06-Feb-20 13:40:00,No Data
Data Point 3,06-Feb-20 13:40:00,598.4273071
Data Point 4,06-Feb-20 13:40:00,598.3587036
Data Point 1,06-Feb-20 13:41:00,Off
Data Point 2,06-Feb-20 13:41:00,No Data
Data Point 3,06-Feb-20 13:41:00,599.6956787
Data Point 4,06-Feb-20 13:41:00,599.9656372
Data Point 1,06-Feb-20 13:42:00,Off
Data Point 2,06-Feb-20 13:42:00,No Data
Data Point 3,06-Feb-20 13:42:00,599.6955566
Data Point 4,06-Feb-20 13:42:00,599.9658203
Data Point 1,06-Feb-20 13:43:00,Off
Data Point 2,06-Feb-20 13:43:00,No Data
Data Point 3,06-Feb-20 13:43:00,599.6954346
Data Point 4,06-Feb-20 13:43:00,599.9660645
Data Point 1,06-Feb-20 13:44:00,Off
Data Point 2,06-Feb-20 13:44:00,No Data
Data Point 3,06-Feb-20 13:44:00,599.6953125
Data Point 4,06-Feb-20 13:44:00,599.9663086
Data Point 1,06-Feb-20 13:45:00,Off
Data Point 2,06-Feb-20 13:45:00,No Data
Data Point 3,06-Feb-20 13:45:00,599.6952515
Data Point 4,06-Feb-20 13:45:00,599.9665527
Data Point 1,06-Feb-20 13:46:00,Off
Data Point 2,06-Feb-20 13:46:00,No Data
Data Point 3,06-Feb-20 13:46:00,599.6951294
Data Point 4,06-Feb-20 13:46:00,599.9667358
Data Point 1,06-Feb-20 13:47:00,Off
Data Point 2,06-Feb-20 13:47:00,No Data
Data Point 3,06-Feb-20 13:47:00,599.6950073
Data Point 4,06-Feb-20 13:47:00,599.96698
Data Point 1,06-Feb-20 13:48:00,Off
Data Point 2,06-Feb-20 13:48:00,No Data
Data Point 3,06-Feb-20 13:48:00,599.6948853
Data Point 4,06-Feb-20 13:48:00,599.9672241
Data Point 1,06-Feb-20 13:49:00,Off
Data Point 2,06-Feb-20 13:49:00,No Data
Data Point 3,06-Feb-20 13:49:00,599.6948242
Data Point 4,06-Feb-20 13:49:00,599.9674683
Data Point 1,06-Feb-20 13:50:00,Off
Data Point 2,06-Feb-20 13:50:00,No Data
Data Point 3,06-Feb-20 13:50:00,599.6947021
Data Point 4,06-Feb-20 13:50:00,599.9676514
Data Point 1,06-Feb-20 13:51:00,Off
Data Point 2,06-Feb-20 13:51:00,No Data
Data Point 3,06-Feb-20 13:51:00,599.6945801
Data Point 4,06-Feb-20 13:51:00,599.9678955
Data Point 1,06-Feb-20 13:52:00,Off
Data Point 2,06-Feb-20 13:52:00,No Data
Data Point 3,06-Feb-20 13:52:00,599.694458
Data Point 4,06-Feb-20 13:52:00,599.9681396
Data Point 1,06-Feb-20 13:53:00,Off
Data Point 2,06-Feb-20 13:53:00,No Data
Data Point 3,06-Feb-20 13:53:00,599.694397
Data Point 4,06-Feb-20 13:53:00,599.9683838
Data Point 1,06-Feb-20 13:54:00,Off
Data Point 2,06-Feb-20 13:54:00,No Data
Data Point 3,06-Feb-20 13:54:00,599.6942749
Data Point 4,06-Feb-20 13:54:00,599.9685669
Data Point 1,06-Feb-20 13:55:00,Off
Data Point 2,06-Feb-20 13:55:00,No Data
Data Point 3,06-Feb-20 13:55:00,599.6941528
Data Point 4,06-Feb-20 13:55:00,599.968811
Data Point 1,06-Feb-20 13:56:00,Off
Data Point 2,06-Feb-20 13:56:00,No Data
Data Point 3,06-Feb-20 13:56:00,599.6940308
Data Point 4,06-Feb-20 13:56:00,599.9690552
Data Point 1,06-Feb-20 13:57:00,Off
Data Point 2,06-Feb-20 13:57:00,No Data
Data Point 3,06-Feb-20 13:57:00,599.6939697
Data Point 4,06-Feb-20 13:57:00,599.9692993
Data Point 1,06-Feb-20 13:58:00,Off
Data Point 2,06-Feb-20 13:58:00,No Data
Data Point 3,06-Feb-20 13:58:00,599.6938477
Data Point 4,06-Feb-20 13:58:00,599.9694824
Data Point 1,06-Feb-20 13:59:00,Off
Data Point 2,06-Feb-20 13:59:00,No Data
Data Point 3,06-Feb-20 13:59:00,599.6937256
Data Point 4,06-Feb-20 13:59:00,599.9697266
Data Point 1,06-Feb-20 14:00:00,Off
Data Point 2,06-Feb-20 14:00:00,No Data
Data Point 3,06-Feb-20 14:00:00,599.6936035
Data Point 4,06-Feb-20 14:00:00,599.9699707
Data Point 1,06-Feb-20 14:01:00,Off
Data Point 2,06-Feb-20 14:01:00,No Data
Data Point 3,06-Feb-20 14:01:00,599.6934814
Data Point 4,06-Feb-20 14:01:00,599.9702148
Data Point 1,06-Feb-20 14:02:00,Off
Data Point 2,06-Feb-20 14:02:00,No Data
Data Point 3,06-Feb-20 14:02:00,599.6934204
Data Point 4,06-Feb-20 14:02:00,599.9703979
Data Point 1,06-Feb-20 14:03:00,Off
Data Point 2,06-Feb-20 14:03:00,No Data
Data Point 3,06-Feb-20 14:03:00,599.6932983
Data Point 4,06-Feb-20 14:03:00,599.9706421
Data Point 1,06-Feb-20 14:04:00,Off
Data Point 2,06-Feb-20 14:04:00,No Data
Data Point 3,06-Feb-20 14:04:00,599.6931763
Data Point 4,06-Feb-20 14:04:00,599.9708862
Data Point 1,06-Feb-20 14:05:00,Off
Data Point 2,06-Feb-20 14:05:00,No Data
Data Point 3,06-Feb-20 14:05:00,599.6930542
Data Point 4,06-Feb-20 14:05:00,599.9711304
Data Point 1,06-Feb-20 14:06:00,Off
Data Point 2,06-Feb-20 14:06:00,No Data
Data Point 3,06-Feb-20 14:06:00,599.6929932
Data Point 4,06-Feb-20 14:06:00,599.9713135
Data Point 1,06-Feb-20 14:07:00,Off
Data Point 2,06-Feb-20 14:07:00,No Data
Data Point 3,06-Feb-20 14:07:00,599.6928711
Data Point 4,06-Feb-20 14:07:00,599.9715576
Data Point 1,06-Feb-20 14:08:00,Off
Data Point 2,06-Feb-20 14:08:00,No Data
Data Point 3,06-Feb-20 14:08:00,599.692749
Data Point 4,06-Feb-20 14:08:00,599.9718018
Data Point 1,06-Feb-20 14:09:00,Off
Data Point 2,06-Feb-20 14:09:00,No Data
Data Point 3,06-Feb-20 14:09:00,599.692627
Data Point 4,06-Feb-20 14:09:00,599.9720459
Data Point 1,06-Feb-20 14:10:00,Off
Data Point 2,06-Feb-20 14:10:00,No Data
Data Point 3,06-Feb-20 14:10:00,599.6925659
Data Point 4,06-Feb-20 14:10:00,599.972229
Data Point 1,06-Feb-20 14:11:00,Off
Data Point 2,06-Feb-20 14:11:00,No Data
Data Point 3,06-Feb-20 14:11:00,599.6924438
Data Point 4,06-Feb-20 14:11:00,599.9724731
Data Point 1,06-Feb-20 14:12:00,Off
Data Point 2,06-Feb-20 14:12:00,No Data
Data Point 3,06-Feb-20 14:12:00,599.6923218
Data Point 4,06-Feb-20 14:12:00,599.9727173
Data Point 1,06-Feb-20 14:13:00,Off
Data Point 2,06-Feb-20 14:13:00,No Data
Data Point 3,06-Feb-20 14:13:00,599.6921997
Data Point 4,06-Feb-20 14:13:00,599.9729614
Data Point 1,06-Feb-20 14:14:00,Off
Data Point 2,06-Feb-20 14:14:00,No Data
Data Point 3,06-Feb-20 14:14:00,599.6921387
Data Point 4,06-Feb-20 14:14:00,599.9731445
Data Point 1,06-Feb-20 14:15:00,Off
Data Point 2,06-Feb-20 14:15:00,No Data
Data Point 3,06-Feb-20 14:15:00,599.6920166
Data Point 4,06-Feb-20 14:15:00,599.9733887
Data Point 1,06-Feb-20 14:16:00,Off
Data Point 2,06-Feb-20 14:16:00,No Data
Data Point 3,06-Feb-20 14:16:00,599.6918945
Data Point 4,06-Feb-20 14:16:00,599.9736328
Data Point 1,06-Feb-20 14:17:00,Off
Data Point 2,06-Feb-20 14:17:00,No Data
Data Point 3,06-Feb-20 14:17:00,599.6917725
Data Point 4,06-Feb-20 14:17:00,599.973877
Data Point 1,06-Feb-20 14:18:00,Off
Data Point 2,06-Feb-20 14:18:00,No Data
Data Point 3,06-Feb-20 14:18:00,599.6917114
Data Point 4,06-Feb-20 14:18:00,599.9740601
Data Point 1,06-Feb-20 14:19:00,Off
Data Point 2,06-Feb-20 14:19:00,No Data
Data Point 3,06-Feb-20 14:19:00,599.6915894
Data Point 4,06-Feb-20 14:19:00,599.9743042
Data Point 1,06-Feb-20 14:20:00,Off
Data Point 2,06-Feb-20 14:20:00,No Data
Data Point 3,06-Feb-20 14:20:00,599.6914673
Data Point 4,06-Feb-20 14:20:00,599.9745483
Data Point 1,06-Feb-20 14:21:00,Off
Data Point 2,06-Feb-20 14:21:00,No Data
Data Point 3,06-Feb-20 14:21:00,599.6913452
Data Point 4,06-Feb-20 14:21:00,599.9747925
Data Point 1,06-Feb-20 14:22:00,Off
Data Point 2,06-Feb-20 14:22:00,No Data
Data Point 3,06-Feb-20 14:22:00,599.6912842
Data Point 4,06-Feb-20 14:22:00,599.9749756
Data Point 1,06-Feb-20 14:23:00,Off
Data Point 2,06-Feb-20 14:23:00,No Data
Data Point 3,06-Feb-20 14:23:00,599.6911621
Data Point 4,06-Feb-20 14:23:00,599.9752197
Data Point 1,06-Feb-20 14:24:00,Off
Data Point 2,06-Feb-20 14:24:00,No Data
Data Point 3,06-Feb-20 14:24:00,599.69104
Data Point 4,06-Feb-20 14:24:00,599.9754639
Data Point 1,06-Feb-20 14:25:00,Off
Data Point 2,06-Feb-20 14:25:00,No Data
Data Point 3,06-Feb-20 14:25:00,599.690918
Data Point 4,06-Feb-20 14:25:00,599.975708
Data Point 1,06-Feb-20 14:26:00,Off
Data Point 2,06-Feb-20 14:26:00,No Data
Data Point 3,06-Feb-20 14:26:00,599.6908569
Data Point 4,06-Feb-20 14:26:00,599.9758911
Data Point 1,06-Feb-20 14:27:00,Off
Data Point 2,06-Feb-20 14:27:00,No Data
Data Point 3,06-Feb-20 14:27:00,599.6907349
Data Point 4,06-Feb-20 14:27:00,599.9761353
Data Point 1,06-Feb-20 14:28:00,Off
Data Point 2,06-Feb-20 14:28:00,No Data
Data Point 3,06-Feb-20 14:28:00,599.6906128
Data Point 4,06-Feb-20 14:28:00,599.9763794
Data Point 1,06-Feb-20 14:29:00,Off
Data Point 2,06-Feb-20 14:29:00,No Data
Data Point 3,06-Feb-20 14:29:00,599.6904907
Data Point 4,06-Feb-20 14:29:00,599.9766235
Data Point 1,06-Feb-20 14:30:00,Off
Data Point 2,06-Feb-20 14:30:00,No Data
Data Point 3,06-Feb-20 14:30:00,599.6904297
Data Point 4,06-Feb-20 14:30:00,599.9768066
Data Point 1,06-Feb-20 14:31:00,Off
Data Point 2,06-Feb-20 14:31:00,No Data
Data Point 3,06-Feb-20 14:31:00,599.6903076
Data Point 4,06-Feb-20 14:31:00,599.9770508
Data Point 1,06-Feb-20 14:32:00,Off
Data Point 2,06-Feb-20 14:32:00,No Data
Data Point 3,06-Feb-20 14:32:00,599.6901855
Data Point 4,06-Feb-20 14:32:00,599.9772949
Data Point 1,06-Feb-20 14:33:00,Off
Data Point 2,06-Feb-20 14:33:00,No Data
Data Point 3,06-Feb-20 14:33:00,599.6900635
Data Point 4,06-Feb-20 14:33:00,599.9775391
Data Point 1,06-Feb-20 14:34:00,Off
Data Point 2,06-Feb-20 14:34:00,No Data
Data Point 3,06-Feb-20 14:34:00,599.6900024
Data Point 4,06-Feb-20 14:34:00,599.9777222
Data Point 1,06-Feb-20 14:35:00,Off
Data Point 2,06-Feb-20 14:35:00,No Data
Data Point 3,06-Feb-20 14:35:00,599.6898804
Data Point 4,06-Feb-20 14:35:00,599.9779663
Data Point 1,06-Feb-20 14:36:00,Off
Data Point 2,06-Feb-20 14:36:00,No Data
Data Point 3,06-Feb-20 14:36:00,599.6897583
Data Point 4,06-Feb-20 14:36:00,599.9782104
Data Point 1,06-Feb-20 14:37:00,Off
Data Point 2,06-Feb-20 14:37:00,No Data
Data Point 3,06-Feb-20 14:37:00,599.6896362
Data Point 4,06-Feb-20 14:37:00,599.9784546
Data Point 1,06-Feb-20 14:38:00,Off
Data Point 2,06-Feb-20 14:38:00,No Data
Data Point 3,06-Feb-20 14:38:00,599.6895752
Data Point 4,06-Feb-20 14:38:00,599.9786377
Data Point 1,06-Feb-20 14:39:00,Off
Data Point 2,06-Feb-20 14:39:00,No Data
Data Point 3,06-Feb-20 14:39:00,599.6894531
Data Point 4,06-Feb-20 14:39:00,599.9788818
Data Point 1,06-Feb-20 14:40:00,Off
Data Point 2,06-Feb-20 14:40:00,No Data
Data Point 3,06-Feb-20 14:40:00,599.6893311
Data Point 4,06-Feb-20 14:40:00,599.979126
Data Point 1,06-Feb-20 14:41:00,Off
Data Point 2,06-Feb-20 14:41:00,No Data
Data Point 3,06-Feb-20 14:41:00,599.689209
Data Point 4,06-Feb-20 14:41:00,599.9793701
Data Point 1,06-Feb-20 14:42:00,Off
Data Point 2,06-Feb-20 14:42:00,No Data
Data Point 3,06-Feb-20 14:42:00,599.6891479
Data Point 4,06-Feb-20 14:42:00,599.9795532
Data Point 1,06-Feb-20 14:43:00,Off
Data Point 2,06-Feb-20 14:43:00,No Data
Data Point 3,06-Feb-20 14:43:00,599.6890259
Data Point 4,06-Feb-20 14:43:00,599.9797974
Data Point 1,06-Feb-20 14:44:00,Off
Data Point 2,06-Feb-20 14:44:00,No Data
Data Point 3,06-Feb-20 14:44:00,599.6889038
Data Point 4,06-Feb-20 14:44:00,599.9800415
Data Point 1,06-Feb-20 14:45:00,Off
Data Point 2,06-Feb-20 14:45:00,No Data
Data Point 3,06-Feb-20 14:45:00,599.6887817
Data Point 4,06-Feb-20 14:45:00,599.9802856
Data Point 1,06-Feb-20 14:46:00,Off
Data Point 2,06-Feb-20 14:46:00,No Data
Data Point 3,06-Feb-20 14:46:00,599.6886597
Data Point 4,06-Feb-20 14:46:00,599.9804688
Data Point 1,06-Feb-20 14:47:00,Off
Data Point 2,06-Feb-20 14:47:00,No Data
Data Point 3,06-Feb-20 14:47:00,599.6885986
Data Point 4,06-Feb-20 14:47:00,599.9807129
Data Point 1,06-Feb-20 14:48:00,Off
Data Point 2,06-Feb-20 14:48:00,No Data
Data Point 3,06-Feb-20 14:48:00,599.6884766
Data Point 4,06-Feb-20 14:48:00,599.980957
Data Point 1,06-Feb-20 14:49:00,Off
Data Point 2,06-Feb-20 14:49:00,No Data
Data Point 3,06-Feb-20 14:49:00,599.6883545
Data Point 4,06-Feb-20 14:49:00,599.9812012
Data Point 1,06-Feb-20 14:50:00,Off
Data Point 2,06-Feb-20 14:50:00,No Data
Data Point 3,06-Feb-20 14:50:00,599.6882324
Data Point 4,06-Feb-20 14:50:00,599.9813843
Data Point 1,06-Feb-20 14:51:00,Off
Data Point 2,06-Feb-20 14:51:00,No Data
Data Point 3,06-Feb-20 14:51:00,599.6881714
Data Point 4,06-Feb-20 14:51:00,599.9816284
Data Point 1,06-Feb-20 14:52:00,Off
Data Point 2,06-Feb-20 14:52:00,No Data
Data Point 3,06-Feb-20 14:52:00,599.6880493
Data Point 4,06-Feb-20 14:52:00,599.9818726
Data Point 1,06-Feb-20 14:53:00,Off
Data Point 2,06-Feb-20 14:53:00,No Data
Data Point 3,06-Feb-20 14:53:00,599.6879272
Data Point 4,06-Feb-20 14:53:00,599.9821167
Data Point 1,06-Feb-20 14:54:00,Off
Data Point 2,06-Feb-20 14:54:00,No Data
Data Point 3,06-Feb-20 14:54:00,599.6878052
Data Point 4,06-Feb-20 14:54:00,599.9822998
Data Point 1,06-Feb-20 14:55:00,Off
Data Point 2,06-Feb-20 14:55:00,No Data
Data Point 3,06-Feb-20 14:55:00,599.6877441
Data Point 4,06-Feb-20 14:55:00,599.9825439
Data Point 1,06-Feb-20 14:56:00,Off
Data Point 2,06-Feb-20 14:56:00,No Data
Data Point 3,06-Feb-20 14:56:00,599.6876221
Data Point 4,06-Feb-20 14:56:00,599.9827881
Data Point 1,06-Feb-20 14:57:00,Off
Data Point 2,06-Feb-20 14:57:00,No Data
Data Point 3,06-Feb-20 14:57:00,599.6875
Data Point 4,06-Feb-20 14:57:00,599.9830322
Data Point 1,06-Feb-20 14:58:00,Off
Data Point 2,06-Feb-20 14:58:00,No Data
Data Point 3,06-Feb-20 14:58:00,599.6873779
Data Point 4,06-Feb-20 14:58:00,599.9832153
Data Point 1,06-Feb-20 14:59:00,Off
Data Point 2,06-Feb-20 14:59:00,No Data
Data Point 3,06-Feb-20 14:59:00,599.6873169
Data Point 4,06-Feb-20 14:59:00,599.9834595
Data Point 1,06-Feb-20 15:00:00,Off
Data Point 2,06-Feb-20 15:00:00,No Data
Data Point 3,06-Feb-20 15:00:00,599.6871948
Data Point 4,06-Feb-20 15:00:00,599.9837036
Data Point 1,06-Feb-20 15:01:00,Off
Data Point 2,06-Feb-20 15:01:00,No Data
Data Point 3,06-Feb-20 15:01:00,599.6870728
Data Point 4,06-Feb-20 15:01:00,599.9839478
Data Point 1,06-Feb-20 15:02:00,Off
Data Point 2,06-Feb-20 15:02:00,No Data
Data Point 3,06-Feb-20 15:02:00,599.6869507
Data Point 4,06-Feb-20 15:02:00,599.9841309
Data Point 1,06-Feb-20 15:03:00,Off
Data Point 2,06-Feb-20 15:03:00,No Data
Data Point 3,06-Feb-20 15:03:00,599.6868896
Data Point 4,06-Feb-20 15:03:00,599.984375
Data Point 1,06-Feb-20 15:04:00,Off
Data Point 2,06-Feb-20 15:04:00,No Data
Data Point 3,06-Feb-20 15:04:00,599.6867676
Data Point 4,06-Feb-20 15:04:00,599.9846191
Data Point 1,06-Feb-20 15:05:00,Off
Data Point 2,06-Feb-20 15:05:00,No Data
Data Point 3,06-Feb-20 15:05:00,599.6866455
Data Point 4,06-Feb-20 15:05:00,599.9848633
Data Point 1,06-Feb-20 15:06:00,Off
Data Point 2,06-Feb-20 15:06:00,No Data
Data Point 3,06-Feb-20 15:06:00,599.6865234
Data Point 4,06-Feb-20 15:06:00,599.9850464
Data Point 1,06-Feb-20 15:07:00,Off
Data Point 2,06-Feb-20 15:07:00,No Data
Data Point 3,06-Feb-20 15:07:00,599.6864624
Data Point 4,06-Feb-20 15:07:00,599.9852905
Data Point 1,06-Feb-20 15:08:00,Off
Data Point 2,06-Feb-20 15:08:00,No Data
Data Point 3,06-Feb-20 15:08:00,599.6863403
Data Point 4,06-Feb-20 15:08:00,599.9855347
Data Point 1,06-Feb-20 15:09:00,Off
Data Point 2,06-Feb-20 15:09:00,No Data
Data Point 3,06-Feb-20 15:09:00,599.6862183
Data Point 4,06-Feb-20 15:09:00,599.9857788
Data Point 1,06-Feb-20 15:10:00,Off
Data Point 2,06-Feb-20 15:10:00,No Data
Data Point 3,06-Feb-20 15:10:00,599.6860962
Data Point 4,06-Feb-20 15:10:00,599.9859619
Data Point 1,06-Feb-20 15:11:00,Off
Data Point 2,06-Feb-20 15:11:00,No Data
Data Point 3,06-Feb-20 15:11:00,599.6860352
Data Point 4,06-Feb-20 15:11:00,599.9862061
Data Point 1,06-Feb-20 15:12:00,Off
Data Point 2,06-Feb-20 15:12:00,No Data
Data Point 3,06-Feb-20 15:12:00,599.6859131
Data Point 4,06-Feb-20 15:12:00,599.9864502
Data Point 1,06-Feb-20 15:13:00,Off
Data Point 2,06-Feb-20 15:13:00,No Data
Data Point 3,06-Feb-20 15:13:00,599.685791
Data Point 4,06-Feb-20 15:13:00,599.9866943
Data Point 1,06-Feb-20 15:14:00,Off
Data Point 2,06-Feb-20 15:14:00,No Data
Data Point 3,06-Feb-20 15:14:00,599.6856689
Data Point 4,06-Feb-20 15:14:00,599.9868774
Data Point 1,06-Feb-20 15:15:00,Off
Data Point 2,06-Feb-20 15:15:00,No Data
Data Point 3,06-Feb-20 15:15:00,599.6856079
Data Point 4,06-Feb-20 15:15:00,599.9871216
Data Point 1,06-Feb-20 15:16:00,Off
Data Point 2,06-Feb-20 15:16:00,No Data
Data Point 3,06-Feb-20 15:16:00,599.6854858
Data Point 4,06-Feb-20 15:16:00,599.9873657
Data Point 1,06-Feb-20 15:17:00,Off
Data Point 2,06-Feb-20 15:17:00,No Data
Data Point 3,06-Feb-20 15:17:00,599.6853638
Data Point 4,06-Feb-20 15:17:00,599.9876099
Data Point 1,06-Feb-20 15:18:00,Off
Data Point 2,06-Feb-20 15:18:00,No Data
Data Point 3,06-Feb-20 15:18:00,599.6852417
Data Point 4,06-Feb-20 15:18:00,599.987793
Data Point 1,06-Feb-20 15:19:00,Off
Data Point 2,06-Feb-20 15:19:00,No Data
Data Point 3,06-Feb-20 15:19:00,599.6851807
Data Point 4,06-Feb-20 15:19:00,599.9880371
Data Point 1,06-Feb-20 15:20:00,Off
Data Point 2,06-Feb-20 15:20:00,No Data
Data Point 3,06-Feb-20 15:20:00,599.6850586
Data Point 4,06-Feb-20 15:20:00,599.9882813
Data Point 1,06-Feb-20 15:21:00,Off
Data Point 2,06-Feb-20 15:21:00,No Data
Data Point 3,06-Feb-20 15:21:00,599.6849365
Data Point 4,06-Feb-20 15:21:00,599.9885254
Data Point 1,06-Feb-20 15:22:00,Off
Data Point 2,06-Feb-20 15:22:00,No Data
Data Point 3,06-Feb-20 15:22:00,599.6848145
Data Point 4,06-Feb-20 15:22:00,599.9887085
Data Point 1,06-Feb-20 15:23:00,Off
Data Point 2,06-Feb-20 15:23:00,No Data
Data Point 3,06-Feb-20 15:23:00,599.6847534
Data Point 4,06-Feb-20 15:23:00,599.9889526
Data Point 1,06-Feb-20 15:24:00,Off
Data Point 2,06-Feb-20 15:24:00,No Data
Data Point 3,06-Feb-20 15:24:00,599.6846313
Data Point 4,06-Feb-20 15:24:00,599.9891968
Data Point 1,06-Feb-20 15:25:00,Off
Data Point 2,06-Feb-20 15:25:00,No Data
Data Point 3,06-Feb-20 15:25:00,599.6845093
Data Point 4,06-Feb-20 15:25:00,599.9894409
Data Point 1,06-Feb-20 15:26:00,Off
Data Point 2,06-Feb-20 15:26:00,No Data
Data Point 3,06-Feb-20 15:26:00,599.6843872
Data Point 4,06-Feb-20 15:26:00,599.989624
Data Point 1,06-Feb-20 15:27:00,Off
Data Point 2,06-Feb-20 15:27:00,No Data
Data Point 3,06-Feb-20 15:27:00,599.6843262
Data Point 4,06-Feb-20 15:27:00,599.9898682
Data Point 1,06-Feb-20 15:28:00,Off
Data Point 2,06-Feb-20 15:28:00,No Data
Data Point 3,06-Feb-20 15:28:00,599.6842041
Data Point 4,06-Feb-20 15:28:00,599.9901123
Data Point 1,06-Feb-20 15:29:00,Off
Data Point 2,06-Feb-20 15:29:00,No Data
Data Point 3,06-Feb-20 15:29:00,599.684082
Data Point 4,06-Feb-20 15:29:00,599.9903564
Data Point 1,06-Feb-20 15:30:00,Off
Data Point 2,06-Feb-20 15:30:00,No Data
Data Point 3,06-Feb-20 15:30:00,599.68396
Data Point 4,06-Feb-20 15:30:00,599.9905396
Data Point 1,06-Feb-20 15:31:00,Off
Data Point 2,06-Feb-20 15:31:00,No Data
Data Point 3,06-Feb-20 15:31:00,599.6838989
Data Point 4,06-Feb-20 15:31:00,599.9907837
Data Point 1,06-Feb-20 15:32:00,Off
Data Point 2,06-Feb-20 15:32:00,No Data
Data Point 3,06-Feb-20 15:32:00,599.6837769
Data Point 4,06-Feb-20 15:32:00,599.9910278
Data Point 1,06-Feb-20 15:33:00,Off
Data Point 2,06-Feb-20 15:33:00,No Data
Data Point 3,06-Feb-20 15:33:00,599.6836548
Data Point 4,06-Feb-20 15:33:00,599.991272
Data Point 1,06-Feb-20 15:34:00,Off
Data Point 2,06-Feb-20 15:34:00,No Data
Data Point 3,06-Feb-20 15:34:00,599.6835327
Data Point 4,06-Feb-20 15:34:00,599.9914551
Data Point 1,06-Feb-20 15:35:00,Off
Data Point 2,06-Feb-20 15:35:00,No Data
Data Point 3,06-Feb-20 15:35:00,599.6834106
Data Point 4,06-Feb-20 15:35:00,599.9916992
Data Point 1,06-Feb-20 15:36:00,Off
Data Point 2,06-Feb-20 15:36:00,No Data
Data Point 3,06-Feb-20 15:36:00,599.6833496
Data Point 4,06-Feb-20 15:36:00,599.9919434
Data Point 1,06-Feb-20 15:37:00,Off
Data Point 2,06-Feb-20 15:37:00,No Data
Data Point 3,06-Feb-20 15:37:00,599.6832275
Data Point 4,06-Feb-20 15:37:00,599.9921875
Data Point 1,06-Feb-20 15:38:00,Off
Data Point 2,06-Feb-20 15:38:00,No Data
Data Point 3,06-Feb-20 15:38:00,599.6831055
Data Point 4,06-Feb-20 15:38:00,599.9923706
Data Point 1,06-Feb-20 15:39:00,Off
Data Point 2,06-Feb-20 15:39:00,No Data
Data Point 3,06-Feb-20 15:39:00,599.6829834
Data Point 4,06-Feb-20 15:39:00,599.9926147
Data Point 1,06-Feb-20 15:40:00,Off
Data Point 2,06-Feb-20 15:40:00,No Data
Data Point 3,06-Feb-20 15:40:00,599.6829224
Data Point 4,06-Feb-20 15:40:00,599.9928589
Data Point 1,06-Feb-20 15:41:00,Off
Data Point 2,06-Feb-20 15:41:00,No Data
Data Point 3,06-Feb-20 15:41:00,599.6828003
Data Point 4,06-Feb-20 15:41:00,599.993103
Data Point 1,06-Feb-20 15:42:00,Off
Data Point 2,06-Feb-20 15:42:00,No Data
Data Point 3,06-Feb-20 15:42:00,599.6826782
Data Point 4,06-Feb-20 15:42:00,599.9932861
Data Point 1,06-Feb-20 15:43:00,Off
Data Point 2,06-Feb-20 15:43:00,No Data
Data Point 3,06-Feb-20 15:43:00,599.6825562
Data Point 4,06-Feb-20 15:43:00,599.9935303
Data Point 1,06-Feb-20 15:44:00,Off
Data Point 2,06-Feb-20 15:44:00,No Data
Data Point 3,06-Feb-20 15:44:00,599.6824951
Data Point 4,06-Feb-20 15:44:00,599.9937744
Data Point 1,06-Feb-20 15:45:00,Off
Data Point 2,06-Feb-20 15:45:00,No Data
Data Point 3,06-Feb-20 15:45:00,599.682373
Data Point 4,06-Feb-20 15:45:00,599.9940186
Data Point 1,06-Feb-20 15:46:00,Off
Data Point 2,06-Feb-20 15:46:00,No Data
Data Point 3,06-Feb-20 15:46:00,599.682251
Data Point 4,06-Feb-20 15:46:00,599.9942017
Data Point 1,06-Feb-20 15:47:00,Off
Data Point 2,06-Feb-20 15:47:00,No Data
Data Point 3,06-Feb-20 15:47:00,599.6821289
Data Point 4,06-Feb-20 15:47:00,599.9944458
Data Point 1,06-Feb-20 15:48:00,Off
Data Point 2,06-Feb-20 15:48:00,No Data
Data Point 3,06-Feb-20 15:48:00,599.6820679
Data Point 4,06-Feb-20 15:48:00,599.9946899
Data Point 1,06-Feb-20 15:49:00,Off
Data Point 2,06-Feb-20 15:49:00,No Data
Data Point 3,06-Feb-20 15:49:00,599.6819458
Data Point 4,06-Feb-20 15:49:00,599.9949341
Data Point 1,06-Feb-20 15:50:00,Off
Data Point 2,06-Feb-20 15:50:00,No Data
Data Point 3,06-Feb-20 15:50:00,599.6818237
Data Point 4,06-Feb-20 15:50:00,599.9951172
Data Point 1,06-Feb-20 15:51:00,Off
Data Point 2,06-Feb-20 15:51:00,No Data
Data Point 3,06-Feb-20 15:51:00,599.6817017
Data Point 4,06-Feb-20 15:51:00,599.9953613
Data Point 1,06-Feb-20 15:52:00,Off
Data Point 2,06-Feb-20 15:52:00,No Data
Data Point 3,06-Feb-20 15:52:00,599.6816406
Data Point 4,06-Feb-20 15:52:00,599.9956055
Data Point 1,06-Feb-20 15:53:00,Off
Data Point 2,06-Feb-20 15:53:00,No Data
Data Point 3,06-Feb-20 15:53:00,599.6815186
Data Point 4,06-Feb-20 15:53:00,599.9958496
Data Point 1,06-Feb-20 15:54:00,Off
Data Point 2,06-Feb-20 15:54:00,No Data
Data Point 3,06-Feb-20 15:54:00,599.6813965
Data Point 4,06-Feb-20 15:54:00,599.9960327
Data Point 1,06-Feb-20 15:55:00,Off
Data Point 2,06-Feb-20 15:55:00,No Data
Data Point 3,06-Feb-20 15:55:00,599.6812744
Data Point 4,06-Feb-20 15:55:00,599.9962769
Data Point 1,06-Feb-20 15:56:00,Off
Data Point 2,06-Feb-20 15:56:00,No Data
Data Point 3,06-Feb-20 15:56:00,599.6812134
Data Point 4,06-Feb-20 15:56:00,599.996521
Data Point 1,06-Feb-20 15:57:00,Off
Data Point 2,06-Feb-20 15:57:00,No Data
Data Point 3,06-Feb-20 15:57:00,599.6810913
Data Point 4,06-Feb-20 15:57:00,599.9967651
Data Point 1,06-Feb-20 15:58:00,Off
Data Point 2,06-Feb-20 15:58:00,No Data
Data Point 3,06-Feb-20 15:58:00,599.6809692
Data Point 4,06-Feb-20 15:58:00,599.9969482
Data Point 1,06-Feb-20 15:59:00,Off
Data Point 2,06-Feb-20 15:59:00,No Data
Data Point 3,06-Feb-20 15:59:00,599.6808472
Data Point 4,06-Feb-20 15:59:00,599.9971924
Data Point 1,06-Feb-20 16:00:00,Off
Data Point 2,06-Feb-20 16:00:00,No Data
Data Point 3,06-Feb-20 16:00:00,599.6807861
Data Point 4,06-Feb-20 16:00:00,599.9974365
Data Point 1,06-Feb-20 16:01:00,Off
Data Point 2,06-Feb-20 16:01:00,No Data
Data Point 3,06-Feb-20 16:01:00,599.6806641
Data Point 4,06-Feb-20 16:01:00,599.9976807
Data Point 1,06-Feb-20 16:02:00,Off
Data Point 2,06-Feb-20 16:02:00,No Data
Data Point 3,06-Feb-20 16:02:00,599.680542
Data Point 4,06-Feb-20 16:02:00,599.9978638
Data Point 1,06-Feb-20 16:03:00,Off
Data Point 2,06-Feb-20 16:03:00,No Data
Data Point 3,06-Feb-20 16:03:00,599.6804199
Data Point 4,06-Feb-20 16:03:00,599.9981079
Data Point 1,06-Feb-20 16:04:00,Off
Data Point 2,06-Feb-20 16:04:00,No Data
Data Point 3,06-Feb-20 16:04:00,599.6803589
Data Point 4,06-Feb-20 16:04:00,599.9983521
Data Point 1,06-Feb-20 16:05:00,Off
Data Point 2,06-Feb-20 16:05:00,No Data
Data Point 3,06-Feb-20 16:05:00,599.6802368
Data Point 4,06-Feb-20 16:05:00,599.9985962
Data Point 1,06-Feb-20 16:06:00,Off
Data Point 2,06-Feb-20 16:06:00,No Data
Data Point 3,06-Feb-20 16:06:00,599.6801147
Data Point 4,06-Feb-20 16:06:00,599.9987793
Data Point 1,06-Feb-20 16:07:00,Off
Data Point 2,06-Feb-20 16:07:00,No Data
Data Point 3,06-Feb-20 16:07:00,599.6799927
Data Point 4,06-Feb-20 16:07:00,599.9990234
Data Point 1,06-Feb-20 16:08:00,Off
Data Point 2,06-Feb-20 16:08:00,No Data
Data Point 3,06-Feb-20 16:08:00,599.6799316
Data Point 4,06-Feb-20 16:08:00,599.9992676
Data Point 1,06-Feb-20 16:09:00,Off
Data Point 2,06-Feb-20 16:09:00,No Data
Data Point 3,06-Feb-20 16:09:00,599.6798096
Data Point 4,06-Feb-20 16:09:00,599.9995117
Data Point 1,06-Feb-20 16:10:00,Off
Data Point 2,06-Feb-20 16:10:00,No Data
Data Point 3,06-Feb-20 16:10:00,599.6796875
Data Point 4,06-Feb-20 16:10:00,599.9996948
Data Point 1,06-Feb-20 16:11:00,Off
Data Point 2,06-Feb-20 16:11:00,No Data
Data Point 3,06-Feb-20 16:11:00,599.6795654
Data Point 4,06-Feb-20 16:11:00,599.999939
Data Point 1,06-Feb-20 16:12:00,Off
Data Point 2,06-Feb-20 16:12:00,No Data
Data Point 3,06-Feb-20 16:12:00,599.6795044
Data Point 4,06-Feb-20 16:12:00,599.8173218
Data Point 1,06-Feb-20 16:13:00,Off
Data Point 2,06-Feb-20 16:13:00,No Data
Data Point 3,06-Feb-20 16:13:00,599.6793823
Data Point 4,06-Feb-20 16:13:00,599.5784912
Data Point 1,06-Feb-20 16:14:00,Off
Data Point 2,06-Feb-20 16:14:00,No Data
Data Point 3,06-Feb-20 16:14:00,599.6792603
Data Point 4,06-Feb-20 16:14:00,599.3396606
Data Point 1,06-Feb-20 16:15:00,Off
Data Point 2,06-Feb-20 16:15:00,No Data
Data Point 3,06-Feb-20 16:15:00,599.6791382
Data Point 4,06-Feb-20 16:15:00,599.1008301
Data Point 1,06-Feb-20 16:16:00,Off
Data Point 2,06-Feb-20 16:16:00,No Data
Data Point 3,06-Feb-20 16:16:00,599.6790771
Data Point 4,06-Feb-20 16:16:00,598.8619995
Data Point 1,06-Feb-20 16:17:00,Off
Data Point 2,06-Feb-20 16:17:00,No Data
Data Point 3,06-Feb-20 16:17:00,592.5167847
Data Point 4,06-Feb-20 16:17:00,592.2639771
Data Point 1,06-Feb-20 16:18:00,Off
Data Point 2,06-Feb-20 16:18:00,No Data
Data Point 3,06-Feb-20 16:18:00,582.5932617
Data Point 4,06-Feb-20 16:18:00,582.5898438
Data Point 1,06-Feb-20 16:19:00,Off
Data Point 2,06-Feb-20 16:19:00,No Data
Data Point 3,06-Feb-20 16:19:00,574.7364502
Data Point 4,06-Feb-20 16:19:00,574.8613281
Data Point 1,06-Feb-20 16:20:00,Off
Data Point 2,06-Feb-20 16:20:00,No Data
Data Point 3,06-Feb-20 16:20:00,568.3308716
Data Point 4,06-Feb-20 16:20:00,568.4315068
Data Point 1,06-Feb-20 16:21:00,Off
Data Point 2,06-Feb-20 16:21:00,No Data
Data Point 3,06-Feb-20 16:21:00,562.9570313
Data Point 4,06-Feb-20 16:21:00,563.0734863
Data Point 1,06-Feb-20 16:22:00,Off
Data Point 2,06-Feb-20 16:22:00,No Data
Data Point 3,06-Feb-20 16:22:00,557.5435181
Data Point 4,06-Feb-20 16:22:00,557.8868408
Data Point 1,06-Feb-20 16:23:00,Off
Data Point 2,06-Feb-20 16:23:00,No Data
Data Point 3,06-Feb-20 16:23:00,555.3181763
Data Point 4,06-Feb-20 16:23:00,554.6394043
Data Point 1,06-Feb-20 16:24:00,Off
Data Point 2,06-Feb-20 16:24:00,No Data
Data Point 3,06-Feb-20 16:24:00,551.4016113
Data Point 4,06-Feb-20 16:24:00,551.3920288
Data Point 1,06-Feb-20 16:25:00,Off
Data Point 2,06-Feb-20 16:25:00,No Data
Data Point 3,06-Feb-20 16:25:00,547.6577148
Data Point 4,06-Feb-20 16:25:00,547.6427002
Data Point 1,06-Feb-20 16:26:00,Off
Data Point 2,06-Feb-20 16:26:00,No Data
Data Point 3,06-Feb-20 16:26:00,542.4153442
Data Point 4,06-Feb-20 16:26:00,542.3374634
Data Point 1,06-Feb-20 16:27:00,Off
Data Point 2,06-Feb-20 16:27:00,No Data
Data Point 3,06-Feb-20 16:27:00,537.5650024
Data Point 4,06-Feb-20 16:27:00,538.0155029
Data Point 1,06-Feb-20 16:28:00,Off
Data Point 2,06-Feb-20 16:28:00,No Data
Data Point 3,06-Feb-20 16:28:00,535.5029297
Data Point 4,06-Feb-20 16:28:00,535.0641479
Data Point 1,06-Feb-20 16:29:00,Off
Data Point 2,06-Feb-20 16:29:00,No Data
Data Point 3,06-Feb-20 16:29:00,525.493103
Data Point 4,06-Feb-20 16:29:00,525.2116089
Data Point 1,06-Feb-20 16:30:00,Off
Data Point 2,06-Feb-20 16:30:00,No Data
Data Point 3,06-Feb-20 16:30:00,505.0056763
Data Point 4,06-Feb-20 16:30:00,503.9512329
Data Point 1,06-Feb-20 16:31:00,Off
Data Point 2,06-Feb-20 16:31:00,No Data
Data Point 3,06-Feb-20 16:31:00,480.2939758
Data Point 4,06-Feb-20 16:31:00,479.5393372
Data Point 1,06-Feb-20 16:32:00,Off
Data Point 2,06-Feb-20 16:32:00,No Data
Data Point 3,06-Feb-20 16:32:00,456.2910767
Data Point 4,06-Feb-20 16:32:00,455.6598816
Data Point 1,06-Feb-20 16:33:00,Off
Data Point 2,06-Feb-20 16:33:00,No Data
Data Point 3,06-Feb-20 16:33:00,432.614563
Data Point 4,06-Feb-20 16:33:00,432.0872192
Data Point 1,06-Feb-20 16:34:00,Off
Data Point 2,06-Feb-20 16:34:00,No Data
Data Point 3,06-Feb-20 16:34:00,409.7070618
Data Point 4,06-Feb-20 16:34:00,408.6764832
Data Point 1,06-Feb-20 16:35:00,Off
Data Point 2,06-Feb-20 16:35:00,No Data
Data Point 3,06-Feb-20 16:35:00,387.6473694
Data Point 4,06-Feb-20 16:35:00,386.3669128
Data Point 1,06-Feb-20 16:36:00,Off
Data Point 2,06-Feb-20 16:36:00,No Data
Data Point 3,06-Feb-20 16:36:00,370.9962769
Data Point 4,06-Feb-20 16:36:00,370.4611816
Data Point 1,06-Feb-20 16:37:00,Off
Data Point 2,06-Feb-20 16:37:00,No Data
Data Point 3,06-Feb-20 16:37:00,358.3314209
Data Point 4,06-Feb-20 16:37:00,358.3434753
Data Point 1,06-Feb-20 16:38:00,Off
Data Point 2,06-Feb-20 16:38:00,No Data
Data Point 3,06-Feb-20 16:38:00,349.8890076
Data Point 4,06-Feb-20 16:38:00,349.9702454
Data Point 1,06-Feb-20 16:39:00,Off
Data Point 2,06-Feb-20 16:39:00,No Data
Data Point 3,06-Feb-20 16:39:00,347.4237366
Data Point 4,06-Feb-20 16:39:00,347.649292
Data Point 1,06-Feb-20 16:40:00,Off
Data Point 2,06-Feb-20 16:40:00,No Data
Data Point 3,06-Feb-20 16:40:00,347.3025208
Data Point 4,06-Feb-20 16:40:00,347.5571899
Data Point 1,06-Feb-20 16:41:00,Off
Data Point 2,06-Feb-20 16:41:00,No Data
Data Point 3,06-Feb-20 16:41:00,346.2142029
Data Point 4,06-Feb-20 16:41:00,346.3607178
Data Point 1,06-Feb-20 16:42:00,Off
Data Point 2,06-Feb-20 16:42:00,No Data
Data Point 3,06-Feb-20 16:42:00,343.905426
Data Point 4,06-Feb-20 16:42:00,343.9844055
Data Point 1,06-Feb-20 16:43:00,Off
Data Point 2,06-Feb-20 16:43:00,No Data
Data Point 3,06-Feb-20 16:43:00,344.4339294
Data Point 4,06-Feb-20 16:43:00,344.5353394
Data Point 1,06-Feb-20 16:44:00,Off
Data Point 2,06-Feb-20 16:44:00,No Data
Data Point 3,06-Feb-20 16:44:00,345.4634094
Data Point 4,06-Feb-20 16:44:00,345.3606567
Data Point 1,06-Feb-20 16:45:00,Off
Data Point 2,06-Feb-20 16:45:00,No Data
Data Point 3,06-Feb-20 16:45:00,345.5210876
Data Point 4,06-Feb-20 16:45:00,344.901825
Data Point 1,06-Feb-20 16:46:00,Off
Data Point 2,06-Feb-20 16:46:00,No Data
Data Point 3,06-Feb-20 16:46:00,343.8862305
Data Point 4,06-Feb-20 16:46:00,343.4252319
Data Point 1,06-Feb-20 16:47:00,Off
Data Point 2,06-Feb-20 16:47:00,No Data
Data Point 3,06-Feb-20 16:47:00,343.9445496
Data Point 4,06-Feb-20 16:47:00,343.850647
Data Point 1,06-Feb-20 16:48:00,Off
Data Point 2,06-Feb-20 16:48:00,No Data
Data Point 3,06-Feb-20 16:48:00,345.4342651
Data Point 4,06-Feb-20 16:48:00,344.6897278
Data Point 1,06-Feb-20 16:49:00,Off
Data Point 2,06-Feb-20 16:49:00,No Data
Data Point 3,06-Feb-20 16:49:00,343.5235291
Data Point 4,06-Feb-20 16:49:00,343.5178528
Data Point 1,06-Feb-20 16:50:00,Off
Data Point 2,06-Feb-20 16:50:00,No Data
Data Point 3,06-Feb-20 16:50:00,340.0062866
Data Point 4,06-Feb-20 16:50:00,339.6629333
Data Point 1,06-Feb-20 16:51:00,Off
Data Point 2,06-Feb-20 16:51:00,No Data
Data Point 3,06-Feb-20 16:51:00,335.7214661
Data Point 4,06-Feb-20 16:51:00,335.4081421
Data Point 1,06-Feb-20 16:52:00,Off
Data Point 2,06-Feb-20 16:52:00,No Data
Data Point 3,06-Feb-20 16:52:00,332.9909668
Data Point 4,06-Feb-20 16:52:00,333.1755371
Data Point 1,06-Feb-20 16:53:00,Off
Data Point 2,06-Feb-20 16:53:00,No Data
Data Point 3,06-Feb-20 16:53:00,331.5473633
Data Point 4,06-Feb-20 16:53:00,331.3432617
Data Point 1,06-Feb-20 16:54:00,Off
Data Point 2,06-Feb-20 16:54:00,No Data
Data Point 3,06-Feb-20 16:54:00,328.5454102
Data Point 4,06-Feb-20 16:54:00,328.0940247
Data Point 1,06-Feb-20 16:55:00,Off
Data Point 2,06-Feb-20 16:55:00,No Data
Data Point 3,06-Feb-20 16:55:00,325.2861023
Data Point 4,06-Feb-20 16:55:00,325.168335
Data Point 1,06-Feb-20 16:56:00,Off
Data Point 2,06-Feb-20 16:56:00,No Data
Data Point 3,06-Feb-20 16:56:00,324.0793152
Data Point 4,06-Feb-20 16:56:00,323.9045105
Data Point 1,06-Feb-20 16:57:00,Off
Data Point 2,06-Feb-20 16:57:00,No Data
Data Point 3,06-Feb-20 16:57:00,322.5897217
Data Point 4,06-Feb-20 16:57:00,322.2891846
Data Point 1,06-Feb-20 16:58:00,Off
Data Point 2,06-Feb-20 16:58:00,No Data
Data Point 3,06-Feb-20 16:58:00,319.4622803
Data Point 4,06-Feb-20 16:58:00,319.3280334
Data Point 1,06-Feb-20 16:59:00,Off
Data Point 2,06-Feb-20 16:59:00,No Data
Data Point 3,06-Feb-20 16:59:00,317.597229
Data Point 4,06-Feb-20 16:59:00,317.7909241
Data Point 1,06-Feb-20 17:00:00,Off
Data Point 2,06-Feb-20 17:00:00,No Data
Data Point 3,06-Feb-20 17:00:00,317.5324402
Data Point 4,06-Feb-20 17:00:00,317.5545349
